-- phpMyAdmin SQL Dump
-- version 4.5.2
-- http://www.phpmyadmin.net
--
-- 主機: localhost
-- 產生時間： 2017 年 05 月 24 日 08:06
-- 伺服器版本: 10.1.19-MariaDB
-- PHP 版本： 7.0.13

SET SQL_MODE = "NO_AUTO_VALUE_ON_ZERO";
SET time_zone = "+00:00";


/*!40101 SET @OLD_CHARACTER_SET_CLIENT=@@CHARACTER_SET_CLIENT */;
/*!40101 SET @OLD_CHARACTER_SET_RESULTS=@@CHARACTER_SET_RESULTS */;
/*!40101 SET @OLD_COLLATION_CONNECTION=@@COLLATION_CONNECTION */;
/*!40101 SET NAMES utf8mb4 */;

--
-- 資料庫： `News`
--
CREATE DATABASE IF NOT EXISTS `News` DEFAULT CHARACTER SET latin1 COLLATE latin1_swedish_ci;
USE `News`;

-- --------------------------------------------------------

--
-- 資料表結構 `news`
--

CREATE TABLE `news` (
  `id` int(11) NOT NULL,
  `title` varchar(128) NOT NULL,
  `slug` varchar(128) NOT NULL,
  `text` text NOT NULL
) ENGINE=InnoDB DEFAULT CHARSET=latin1;

--
-- 資料表的匯出資料 `news`
--

INSERT INTO `news` (`id`, `title`, `slug`, `text`) VALUES
(1, 'Write Like You Talk', 'false', 'Heres a simple trick for getting more people to read what you write: write in spoken language. Something comes over most people when they start writing. They write in a different language than theyd use if they were talking to a friend. The sentence structure and even the words are different. No one uses pen as a verb in spoken English. Youd feel like an idiot using pen instead of write in a conversation with a friend.'),
(2, 'A decade at google', 'true', 'One of the key challenges you face in an industrial research lab is how to choose your projects. You want your projects to be interesting research but also contribute to your company. As a junior researcher, you’re typically in the situation of choosing a project to join, while later in your career you are expected to come up with and lead your own projects. Regardless of your age, you have to make an educated decision.');

--
-- 已匯出資料表的索引
--

--
-- 資料表索引 `news`
--
ALTER TABLE `news`
  ADD PRIMARY KEY (`id`),
  ADD KEY `slug` (`slug`);

--
-- 在匯出的資料表使用 AUTO_INCREMENT
--

--
-- 使用資料表 AUTO_INCREMENT `news`
--
ALTER TABLE `news`
  MODIFY `id` int(11) NOT NULL AUTO_INCREMENT, AUTO_INCREMENT=3;--
-- 資料庫： `booklist`
--
CREATE DATABASE IF NOT EXISTS `booklist` DEFAULT CHARACTER SET utf8 COLLATE utf8_unicode_ci;
USE `booklist`;

-- --------------------------------------------------------

--
-- 資料表結構 `booklist`
--

CREATE TABLE `booklist` (
  `Id` int(10) NOT NULL,
  `Shelf_Number` varchar(10) COLLATE utf8_unicode_ci NOT NULL,
  `Journal` varchar(200) COLLATE utf8_unicode_ci NOT NULL,
  `Classification` float NOT NULL,
  `Publication` varchar(10) COLLATE utf8_unicode_ci NOT NULL,
  `Language` varchar(5) COLLATE utf8_unicode_ci NOT NULL,
  `Budget` varchar(15) COLLATE utf8_unicode_ci NOT NULL,
  `Money` varchar(10) COLLATE utf8_unicode_ci NOT NULL,
  `Source` varchar(5) COLLATE utf8_unicode_ci NOT NULL,
  `datetime` year(4) NOT NULL
) ENGINE=InnoDB DEFAULT CHARSET=utf8 COLLATE=utf8_unicode_ci ROW_FORMAT=COMPACT;

--
-- 資料表的匯出資料 `booklist`
--

INSERT INTO `booklist` (`Id`, `Shelf_Number`, `Journal`, `Classification`, `Publication`, `Language`, `Budget`, `Money`, `Source`, `datetime`) VALUES
(3, '2003', '東京衣芙 e&#039;f', 55, '月刊', '中文', '妝彩系', ' 1,112 ', '訂購', 2017),
(4, '2004', '哈潑時尚', 55, '月刊', '中文', '妝彩系', ' 1,502 ', '訂購', 2017),
(5, '2005', 'with 中文版', 55, '月刊', '中文', '妝彩系', ' 1,298 ', '訂購', 2017),
(6, '2006', 'vivi 中文版', 55, '月刊', '中文', '妝彩系', ' 1,298 ', '訂購', 2017),
(7, '2007', '裝苑SO-EN(日文)', 426.3, '月刊', '日文', '妝彩系', ' 2,613 ', '訂購', 2017),
(8, '2008', 'BEADS FRIEND (???friend)(日文)', 426.77, '季刊', '日文', '妝彩系', ' 1,248 ', '訂購', 2017),
(9, '2009', 'Hoop Taiwan美國職籃', 528, '月刊', '中文', '休運系', ' 1,576 ', '訂購', 2017),
(10, '2010', '中國旅遊', 690, '月刊', '中文', '觀光系', ' 1,390 ', '訂購', 2017),
(11, '2011', 'Taipei Walker', 922.05, '月刊', '中文', '觀光系', ' 1,946 ', '訂購', 2017),
(12, '2012', '日本相機雜誌 (日本???) (日文)', 950.5, '月刊', '日文', '數位系', ' 3,939 ', '訂購', 2017),
(13, '001011', 'ACM Transactions. On Software Engineering & Methodology', 5.1, 'Q', '英語', '資工系', ' 35,195 ', '訂購', 2017),
(14, '001012', 'Teen Vogue英文版', 51, '10/Y', '英語', '妝彩系', ' 3,244 ', '訂購', 2017),
(15, '001021', 'Vogue英文版', 51, 'M', '英語', '妝彩系', ' 4,634 ', '訂購', 2017),
(16, '001022', 'In Style英文版', 51, 'M', '英語', '妝彩系', ' 5,561 ', '訂購', 2017),
(17, '001031', 'Elle英文版', 51, 'M', '英語', '妝彩系', ' 4,412 ', '訂購', 2017),
(18, '001032', 'TIME', 51, 'W', '英語', '通識中心', ' 3,904 ', '訂購', 2017),
(19, '001041', 'Infant Behavior and Development', 155.422, 'Q', '英語', '幼保系', ' 42,448 ', '訂購', 2017),
(20, '001042', 'Learning and Motivation', 156.3, 'Q', '英語', '應外系', ' 51,131 ', '訂購', 2017),
(21, '001051', 'Journal of futures studies', 303.49, 'Q', '英語', '通識中心', ' 0.00 ', '贈閱', 2017),
(22, '001052', 'The American Journal of Economics and Sociology', 305, '5/Y', '英語', '餐飲系', ' 18,492 ', '訂購', 2017),
(23, '001061', 'Child Development Perspectives ', 305.231, 'BM', '英語', '幼保系', ' 62,268 ', '訂購', 2017),
(24, '001062', 'journal of international cooperation', 327.17, 'Q', '英語', '金融系', ' 0.00 ', '贈閱', 2017),
(25, '001071', 'Journal of World Business', 330, 'Q', '英語', '國企系', ' 39,536 ', '訂購', 2017),
(26, '001072', 'Journal of Busienss and Economic Statistics ', 330.072, 'Q', '英語', '國企系', ' 15,120 ', '訂購', 2017),
(27, '001081', 'Asian Survey', 330.95, 'BM', '英語', '國企系', ' 28,452 ', '訂購', 2017),
(28, '001082', 'Journal of Empirical Finance', 332, '5/Y', '英語', '金融系', ' 49,540 ', '訂購', 2017),
(29, '001091', 'The Journal of Finance', 332.05, 'BM', '英語', '金融系', ' 30,188 ', '訂購', 2017),
(30, '001092', 'Journal of Financial Markets', 332.6, '5/Y', '英語', '國企系', ' 34,275 ', '訂購', 2017),
(31, '001101', 'International Journal of Green Energy', 333, '8/Y', '英語', '電機系', ' 162,590 ', '訂購', 2017),
(32, '001102', 'Pacific-Basin Finance Journal', 336.9, '5/Y', '英語', '金融系', ' 51,541 ', '訂購', 2017),
(33, '001111', 'International journal of electronic business management（BSC）', 338, '3/Y', '英語', '資管系', ' 0.00 ', '贈閱', 2017),
(34, '001112', 'Tourism Economics', 338.479, 'Q', '英語', '休運系', ' 30,077 ', '訂購', 2017),
(35, '001121', 'Tourism Management', 338.479, 'BM', '英語', '觀光系', ' 124,688 ', '訂購', 2017),
(36, '001122', 'Early Childhood Research Quarterly', 370, 'Q', '英語', '幼保系', ' 39,639 ', '訂購', 2017),
(37, '001131', 'Journal of Educational and Psychology', 370.151, 'Q', '英語', '師培中心', ' 49,855 ', '訂購', 2017),
(38, '001132', 'TESOL Quarterly', 370.5, 'Q', '英語', '應外系', ' 25,387 ', '訂購', 2017),
(39, '001141', 'Studies in Educational Evaluation', 375, 'Q', '英語', '幼保系', ' 59,968 ', '訂購', 2017),
(40, '001142', 'Language Teaching', 407, 'Q', '英語', '應外系', ' 17,525 ', '訂購', 2017),
(41, '001151', 'English for Specific Purposes', 428, 'Q', '英語', '應外系', ' 48,323 ', '訂購', 2017),
(42, '001152', 'international journal of science and mathematics education（ERC）', 507, 'Q', '英語', '電機系', ' 0.00 ', '贈閱', 2017),
(43, '001161', 'Tamsui oxford journal of mathematical sciences', 511, 'Q', '英語', '電機系', ' 0.00 ', '贈閱', 2017),
(44, '001162', 'Biomedical Engineering: Applications, Basis and Communications', 610.28, 'BM', '英語', '機械系', ' 41,347 ', '訂購', 2017),
(45, '001171', 'Journal of Electromyography and Kinesiology ', 612.7, 'BM', '英語', '休運系', ' 78,511 ', '訂購', 2017),
(46, '001172', 'Journal of aging and physical activity', 613.705, 'Q', '英語', '休運系', ' 26,102 ', '新訂', 2017),
(47, '001181', 'Biochemia Medica', 616, '3/Y', '英語', '醫工學程', ' 4,559 ', '訂購', 2017),
(48, '001182', 'Biochip Journal', 616, 'Q', '英語', '醫工學程', ' 28,141 ', '訂購', 2017),
(49, '002011', 'International Journal of sports science and coaching', 616.8, 'BM', '英語', '休運系', ' 21,710 ', '新訂', 2017),
(50, '002012', 'ACI Materials Journal', 620.11, 'BM', '英語', '土木系', ' 8,940 ', '訂購', 2017),
(51, '002021', 'ACI Structural Journal', 620.112, 'BM', '英語', '土木系', ' 8,940 ', '訂購', 2017),
(52, '002022', 'Tamkang journal of science and engineering    (journal of applied science and engineering)', 621, 'Q', '英語', '電機系', ' 0.00 ', '贈閱', 2017),
(53, '002031', 'Experimental Techniques', 621.1, 'BM', '英語', '機械系', ' 23,487 ', '訂購', 2017),
(54, '002032', 'Journal of Guidance, Control, and Dynamics.', 621.38, 'BM', '英語', '機械系', ' 75,089 ', '訂購', 2017),
(55, '002041', 'Journal of Engineering Materials Technology', 621.38, 'Q', '英語', '機械系', ' 29,219 ', '訂購', 2017),
(56, '002042', 'Journal of aeronautics, astronautics and aviation', 629.1, 'Q', '英語', '機械系', ' 0.00 ', '贈閱', 2017),
(57, '002051', 'Asian journal of control', 629.8, 'Q', '英語', '電機系', ' 0.00 ', '贈閱', 2017),
(58, '002052', 'The Journal of Hospitality, Leisure, Sport & Tourism Education', 647.94, 'SA', '英語', '餐飲系', ' 26,358 ', '訂購', 2017),
(59, '002061', 'International Journal of Information Management', 658, 'BM', '英語', '資管系', ' 76,468 ', '訂購', 2017),
(60, '002062', 'Information & Management', 658.05, '8/Y', '英語', '資管系', ' 77,336 ', '訂購', 2017),
(61, '002071', 'journal of information technology and applications', 658.054, 'Q', '英語', '電機系', ' 0.00 ', '贈閱', 2017),
(62, '002072', 'Human Resource Management Review', 658.3, 'Q', '英語', '企管系', ' 44,747 ', '訂購', 2017),
(63, '002081', 'American Journal of Enology and Viticulture', 663.2, 'Q', '英語', '餐飲系', ' 14,559 ', '訂購', 2017),
(64, '002082', 'Lurzer''s Int''l ARCHIVE ', 696.605, 'BM', '英語', '數位系', ' 5,606 ', '訂購', 2017),
(65, '002091', 'Flash Art ', 700.2, 'BM', '英語', '數位系', ' 3,377 ', '訂購', 2017),
(66, '002092', 'JUXTAPOZ ART＆CULTURE MAGAZINE', 704, 'M', '英語', '數位系', ' 4,644 ', '訂購', 2017),
(67, '002101', 'Exit', 705, 'SA', '英語', '數位系', ' 2,826 ', '訂購', 2017),
(68, '002102', 'ARCHITECTURE RECORD', 720.5, 'M', '英語', '建築系', ' 5,287 ', '訂購', 2017),
(69, '002111', 'ARCHITECTURE REVIEW', 720.5, 'M', '英語', '建築系', ' 10,537 ', '訂購', 2017),
(70, '002112', 'ARCHITECT', 720.973, 'M', '英語', '建築系', ' 10,165 ', '訂購', 2017),
(71, '002121', 'DETAIL', 721, '10/Y', '英語', '建築系', ' 4,503 ', '訂購', 2017),
(72, '002122', 'American Craft', 745, 'BM', '英語', '時尚系', ' 3,242 ', '訂購', 2017),
(73, '002131', 'HOW ', 745.05, 'BM', '英語', '數位系', ' 3,163 ', '訂購', 2017),
(74, '002132', 'Novum ', 745.05, 'M', '英語', '數位系', ' 7,430 ', '訂購', 2017),
(75, '002141', 'FORM', 745.4, 'BM', '英語', '數位系', ' 5,336 ', '訂購', 2017),
(76, '002142', 'Surface Design Jurnal', 746, 'BM', '英語', '妝彩系', ' 8,173 ', '訂購', 2017),
(77, '002151', 'icon', 746.92, 'M', '英語', '時尚系', ' 5,404 ', '訂購', 2017),
(78, '002152', 'Wallpaper?', 747.3, 'M', '英語', '時尚系', ' 4,972 ', '訂購', 2017),
(79, '002161', 'mix', 781.34, 'Q', '英語', '數位系', ' 11,022 ', '訂購', 2017),
(80, '002162', 'Imagine FX', 790.05, '13/Y', '英語', '數位系', ' 6,673 ', '訂購', 2017),
(81, '002171', '3D WORLD', 796.06, 'M', '英語', '數位系', ' 6,951 ', '訂購', 2017),
(82, '002172', 'International Journal of Sport Finance', 796.06, 'Q', '英語', '休運系', ' 19,921 ', '訂購', 2017),
(83, '003011', '孫學研究', 5.105, '半年刊', '中文', '一般性', ' 0.00 ', '贈閱', 2017),
(84, '003012', '台灣首府大學學報', 9.643, '年刊', '中文', '一般性', ' 0.00 ', '贈閱', 2017),
(85, '003013', '資訊、科技與社會學報', 9.685, '半年刊', '中文', '一般性', ' 0.00 ', '贈閱', 2017),
(86, '003021', '書香遠傳', 11.9, '月刊', '中文', '一般性', ' 0.00 ', '贈閱', 2017),
(87, '003022', '全國新書資訊月刊', 12, '月刊', '中文', '一般性', ' 0.00 ', '贈閱', 2017),
(88, '003023', '國立成功大學圖書館館刊', 20.5, '半年刊', '中文', '一般性', ' 0.00 ', '新贈', 2017),
(89, '003031', '閱讀會訊', 23.92, '季刊', '中文', '一般性', ' 0.00 ', '新贈', 2017),
(90, '003032', 'KAIROS大學誌', 50, '不定期', '中文', '一般性', ' 0.00 ', '贈閱', 2017),
(91, '003041', '今周刊', 50, '週刊', '中文', '金融系', ' 3,243 ', '訂購', 2017),
(92, '003042', '生活閱讀', 50, '季刊', '中文', '一般性', ' 0.00 ', '新贈', 2017),
(93, '003051', '全球中央', 50, '月刊', '中文', '國企系', ' 1,186 ', '訂購', 2017),
(94, '003052', '亞洲週刊', 50, '週刊', '中文', '國企系', ' 3,170 ', '訂購', 2017),
(95, '003053', '南科簡訊', 50, '月刊', '中文', '企管系', ' 0.00 ', '贈閱', 2017),
(96, '003061', '時報周刊', 50, '週刊', '中文', '休運系', ' 2,778 ', '訂購', 2017),
(97, '003062', '壹週刊', 50, '週刊', '中文', '休運系', ' 2,762 ', '訂購', 2017),
(98, '003063', '人文與社會學報/義守大學', 51, '半年刊', '中文', '一般性', ' 0.00 ', '贈閱', 2017),
(99, '003071', '台南應用科大學報', 51, '年刊', '中文', '一般性', ' 0.00 ', '贈閱', 2017),
(100, '003072', '弘光學報', 51, '半年刊', '中文', '一般性', ' 0.00 ', '贈閱', 2017),
(101, '003073', '正修通識教育學報', 51, '年刊', '中文', '通識教育中心', ' 0.00 ', '贈閱', 2017),
(102, '003081', '正修學報', 51, '年刊', '中文', '通識教育中心', ' 0.00 ', '贈閱', 2017),
(103, '003082', '育達科大學報', 51, '季刊', '中文', '一般性', ' 0.00 ', '贈閱', 2017),
(104, '003083', '明志學報', 51, '半年刊', '中文', '一般性', ' 0.00 ', '新贈', 2017),
(105, '003091', '明新學報', 51, '年刊', '中文', '一般性', ' 0.00 ', '贈閱', 2017),
(106, '003092', '明道學術論壇', 51, '半年刊', '中文', '一般性', ' 0.00 ', '贈閱', 2017),
(107, '003093', '東南學報', 51, '年刊', '中文', '一般性', ' 0.00 ', '贈閱', 2017),
(108, '003101', '長榮大學學報', 51, '半年刊', '中文', '一般性', ' 0.00 ', '贈閱', 2017),
(109, '003102', '南臺學報', 51, '季刊', '中文', '一般性', ' 0.00 ', '贈閱', 2017),
(110, '003103', '建國科大社會人文期刊', 51, '半年刊', '中文', '一般性', ' 0.00 ', '贈閱', 2017),
(111, '003111', '美和學報', 51, '半年刊', '中文', '一般性', ' 0.00 ', '贈閱', 2017),
(112, '003112', '馬偕學報 ＝ Mackay Journal', 51, '年刊', '中文', '一般性', ' 0.00 ', '新贈', 2017),
(113, '003113', '高雄應用科技大學學報', 51, '年刊', '中文', '一般性', ' 0.00 ', '贈閱', 2017),
(114, '003121', '健行學報', 51, '半年刊', '中文', '一般性', ' 0.00 ', '新贈', 2017),
(115, '003122', '國立虎尾科技大學學報', 51, '季刊', '中文', '一般性', ' 0.00 ', '贈閱', 2017),
(116, '003123', '國立金門大學學報', 51, '年刊', '中文', '一般性', ' 0.00 ', '新贈', 2017),
(117, '003131', '國立高雄海洋科技大學學報', 51, '年刊', '中文', '一般性', ' 0.00 ', '新贈', 2017),
(118, '003132', '康寧學報', 51, '年刊', '中文', '一般性', ' 0.00 ', '贈閱', 2017),
(119, '003133', '設計與環境學報/朝陽科技大學', 51, '半年刊', '中文', '一般性', ' 0.00 ', '贈閱', 2017),
(120, '003141', '通識學報/國立嘉義大學', 51, '年刊', '中文', '一般性', ' 0.00 ', '贈閱', 2017),
(121, '003142', '博雅通識學報', 51, '年刊', '中文', '一般性', ' 0.00 ', '贈閱', 2017),
(122, '003143', '景文學報', 51, '半年刊', '中文', '一般性', ' 0.00 ', '贈閱', 2017),
(123, '003151', '朝陽學報', 51, '年刊', '中文', '一般性', ' 0.00 ', '贈閱', 2017),
(124, '003152', '華醫學報', 51, '半年刊', '中文', '一般性', ' 0.00 ', '贈閱', 2017),
(125, '003153', '慈濟技術學院學報', 51, '年刊', '中文', '一般性', ' 0.00 ', '贈閱', 2017),
(126, '003161', '經國學報', 51, '半年刊', '中文', '一般性', ' 0.00 ', '贈閱', 2017),
(127, '003162', '僑光學報', 51, '半年刊', '中文', '一般性', ' 0.00 ', '贈閱', 2017),
(128, '003163', '臺北市立大學學報 ＝ Journal of University of Taipei', 51, '半年刊', '中文', '一般性', ' 0.00 ', '新贈', 2017),
(129, '003171', '臺北科技大學學報', 51, '半年刊', '中文', '一般性', ' 0.00 ', '贈閱', 2017),
(130, '003172', '銘傳學刊', 51, '年刊', '中文', '一般性', ' 0.00 ', '贈閱', 2017),
(131, '003173', '劍思學刊', 51, '年刊', '中文', '一般性', ' 0.00 ', '新贈', 2017),
(132, '003181', '樹人學報', 51, '年刊', '中文', '一般性', ' 0.00 ', '贈閱', 2017),
(133, '003182', '樹德科技大學學報', 51, '半年刊', '中文', '一般性', ' 0.00 ', '贈閱', 2017),
(134, '003183', '龍華科技大學學報', 51, '不定期', '中文', '一般性', ' 0.00 ', '贈閱', 2017),
(135, '004011', '嶺東學報', 51, '年刊', '中文', '一般性', ' 0.00 ', '贈閱', 2017),
(136, '004012', '警察通識叢刊', 51, '不定期', '中文', '一般性', ' 0.00 ', '新贈', 2017),
(137, '004021', '讀者文摘', 54, '月刊', '中文', '通識中心', ' 1,168 ', '訂購', 2017),
(138, '004022', '儂儂', 55, '月刊', '中文', '妝彩系', ' 1,557 ', '訂購', 2017),
(139, '004031', 'IN Beauty ', 56, '半年刊', '中文', '妝彩系', ' 1,066 ', '訂購', 2017),
(140, '004032', '國立國父紀念館', 62.6, '半年刊', '中文', '一般性', ' 0.00 ', '贈閱', 2017),
(141, '004033', '博物館學季刊/國立自然科學博物館', 69, '季刊', '中文', '一般性', ' 0.00 ', '贈閱', 2017),
(142, '004041', '國立臺灣博物館學刊', 69.05, '季刊', '中文', '一般性', ' 0.00 ', '新贈', 2017),
(143, '004042', '歷史臺灣 ： 國立臺灣歷史博物館館刊', 69.05, '半年刊', '中文', '一般性', ' 0.00 ', '贈閱', 2017),
(144, '004043', '人文社會學報/國立臺灣科技大學', 119.05, '年刊', '中文', '一般性', ' 0.00 ', '贈閱', 2017),
(145, '004051', '人文與社會研究學報/國立臺南大學', 119.05, '半年刊', '中文', '一般性', ' 0.00 ', '贈閱', 2017),
(146, '004052', '人文與藝術類/高雄師大學報', 119.05, '半年刊', '中文', '一般性', ' 0.00 ', '贈閱', 2017),
(147, '004053', '長庚人文社會學報', 119.05, '半年刊', '中文', '一般性', ' 0.00 ', '贈閱', 2017),
(148, '004061', '屏東教育大學學報‧人文社會類', 119.05, '半年刊', '中文', '一般性', ' 0.00 ', '贈閱', 2017),
(149, '004062', '逢甲人文社會學報', 119.05, '半年刊', '中文', '一般性', ' 0.00 ', '贈閱', 2017),
(150, '004063', '朝陽人文社會學刊', 119.05, '半年刊', '中文', '一般性', ' 0.00 ', '贈閱', 2017),
(151, '004071', '華梵人文學報', 119.05, '半年刊', '中文', '一般性', ' 0.00 ', '贈閱', 2017),
(152, '004072', '慈濟大學人文社會科學學刊', 119.05, '年刊', '中文', '一般性', ' 0.00 ', '贈閱', 2017),
(153, '004073', '靜宜語文論叢/靜宜大學', 119.05, '半年刊', '中文', '一般性', ' 0.00 ', '贈閱', 2017),
(154, '004081', '孔孟學報', 121, '年刊/9月', '中文', '通識中心', ' 371 ', '訂購', 2017),
(155, '004082', '生活美學/國立彰化生活美學館', 180.7, '季刊', '中文', '時尚生活創意設計系', ' 0.00 ', '贈閱', 2017),
(156, '004083', '明倫', 190.5, '月刊', '中文', '一般性', ' 0.00 ', '贈閱', 2017),
(157, '004091', '禪天下', 192.05, '雙月刊', '中文', '一般性', ' 0.00 ', '贈閱', 2017),
(158, '004092', '覺行季刊 ＝ Body,Mind & Soul', 192.05, '季刊', '中文', '一般性', ' 0.00 ', '新贈', 2017),
(159, '004093', '人生雜誌', 220, '月刊', '中文', '一般性', ' 0.00 ', '贈閱', 2017),
(160, '004101', '人乘佛刊', 220, '季刊', '中文', '一般性', ' 0.00 ', '贈閱', 2017),
(161, '004102', '萬行', 220, '雙月刊', '中文', '一般性', ' 0.00 ', '贈閱', 2017),
(162, '004103', '繞止', 220, '月刊', '中文', '一般性', ' 0.00 ', '新贈', 2017),
(163, '004111', '千佛山', 220.5, '月刊', '中文', '一般性', ' 0.00 ', '贈閱', 2017),
(164, '004112', '玄奘佛學研究 ＝ Hsuan Chuang Journal of Buddhism Studies', 220.5, '半年刊', '中文', '一般性', ' 0.00 ', '新贈', 2017),
(165, '004113', '福田', 220.7, '月刊', '中文', '一般性', ' 0.00 ', '贈閱', 2017),
(166, '004121', '慈濟', 225.05, '月刊', '中文', '一般性', ' 0.00 ', '贈閱', 2017),
(167, '004122', '生命雙月刊', 225.794, '雙月刊', '中文', '一般性', ' 0.00 ', '贈閱', 2017),
(168, '004123', '行天宮', 230, '月刊', '中文', '一般性', ' 0.00 ', '贈閱', 2017),
(169, '004131', '基礎', 230, '月刊', '中文', '一般性', ' 0.00 ', '贈閱', 2017),
(170, '004132', '聖靈', 242.15, '月刊', '中文', '一般性', ' 0.00 ', '贈閱', 2017),
(171, '004133', '新使者', 246.5, '雙月刊', '中文', '一般性', ' 0.00 ', '贈閱', 2017),
(172, '004141', '觀興', 272.05, '季刊', '中文', '一般性', ' 0.00 ', '新贈', 2017),
(173, '004142', 'BBC knowledge (BBC 知識)', 300, '月刊', '中文', '通識中心', ' 1,807 ', '訂購', 2017),
(174, '004151', '科學月刊　', 300, '月刊', '中文', '幼保系', ' 1,668 ', '訂購', 2017),
(175, '004152', '國立自然科學博物館館訊', 300.923, '月刊', '中文', '一般性', ' 0.00 ', '新贈', 2017),
(176, '004153', '科技報導', 303.505, '月刊', '中文', '一般性', ' 0.00 ', '贈閱', 2017),
(177, '004161', '牛頓科學雜誌', 305, '月刊', '中文', '師培中心', ' 2,316 ', '訂購', 2017),
(178, '004162', '自然科學與科技類/高雄師大學報  ', 305, '半年刊', '中文', '一般性', ' 0.00 ', '贈閱', 2017),
(179, '004163', '建國科大理工期刊', 305, '季刊', '中文', '一般性', ' 0.00 ', '贈閱', 2017),
(180, '004171', '科學人', 305, '月刊', '中文', '師培中心', ' 1,668 ', '訂購', 2017),
(181, '004172', '科學發展', 305, '月刊', '中文', '一般性', ' 0.00 ', '贈閱', 2017),
(182, '004173', '理工研究學報/國立臺南大學', 305, '半年刊', '中文', '一般性', ' 0.00 ', '贈閱', 2017),
(183, '004181', '環球科技人文學刊', 309, '半年刊', '中文', '一般性', ' 0.00 ', '贈閱', 2017),
(184, '004182', '中文計算語言學期刊', 312.905, '季刊', '中文', '資工系', ' 0.00 ', '贈閱', 2017),
(185, '004183', '資訊管理展望', 312.905, '半年刊', '中文', '資管系', ' 0.00 ', '贈閱', 2017),
(186, '005011', 'NetAdmin網管人', 312.916, '月刊', '中文', '資管系', ' 1,557 ', '訂購', 2017),
(187, '005012', 'PC DIY', 312.93, '月刊', '中文', '資工系', ' 1,557 ', '訂購', 2017),
(188, '005013', '資訊通報', 312.93, '月刊', '中文', '資管系', ' 0.00 ', '贈閱', 2017),
(189, '005021', '新通訊', 312.94, '月刊', '中文', '電子系', ' 1,557 ', '訂購', 2017),
(190, '005022', '學術調查研究資料庫通訊', 312.975, '季刊', '中文', '資管系', ' 0.00 ', '贈閱', 2017),
(191, '005031', 'CG world(日文)', 312.98, '月刊', '日文', '數位系', ' 6,825 ', '訂購', 2017),
(192, '005032', '影像與識別', 312.984, '季刊', '中文', '資工系', ' 2,224 ', '訂購', 2017),
(193, '005041', '映CG數位影像繪圖雜誌', 312.987, '季刊', '中文', '數位系', ' 788 ', '訂購', 2017),
(194, '005042', '臺北星空', 320.05, '季刊', '中文', '一般性', ' 0.00 ', '贈閱', 2017),
(195, '005043', '氣候監測報告 ＝ Monthly Report on System', 328.905, '月刊', '中文', '一般性', ' 0.00 ', '贈閱', 2017),
(196, '005051', '國家地震工程研究中心簡訊', 354.406, '季刊', '中文', '土木系', ' 0.00 ', '贈閱', 2017),
(197, '005052', '農科新世紀 ： 農業生物科技園區專訊 ＝ Agricultural Biotechnology', 361.905, '半年刊', '中文', '一般性', ' 0.00 ', '新贈', 2017),
(198, '005061', '大自然', 367.05, '季刊', '中文', '通識中心', ' 788 ', '訂購', 2017),
(199, '005062', '自然保育', 367.05, '季刊', '中文', '一般性', ' 0.00 ', '贈閱', 2017),
(200, '005063', '國立海洋生物博物館館訊', 380.69, '雙月刊', '中文', '一般性', ' 0.00 ', '新贈', 2017),
(201, '005071', '國際應用科學與工程學刊', 400.05, '3/年', '中文', '一般性', ' 0.00 ', '贈閱', 2017),
(202, '005072', '源', 400.151, '雙月刊', '中文', '一般性', ' 0.00 ', '贈閱', 2017),
(203, '005073', '前瞻科技與管理', 400.205, '半年刊', '中文', '一般性', ' 0.00 ', '贈閱', 2017),
(204, '005081', '工程科技與教育學刊', 405, '季刊', '中文', '一般性', ' 0.00 ', '贈閱', 2017),
(205, '005082', '中華技術', 405, '季刊', '中文', '一般性', ' 0.00 ', '贈閱', 2017),
(206, '005083', '新新科技年刊', 405, '年刊', '中文', '一般性', ' 0.00 ', '贈閱', 2017),
(207, '005091', '台灣醫學人文學刊', 410.5, '半年刊', '中文', '休運系', ' 0.00 ', '贈閱', 2017),
(208, '005092', '華醫社會人文學報', 410.5, '半年刊', '中文', '一般性', ' 0.00 ', '贈閱', 2017),
(209, '005093', '新生學報', 410.5, '年刊', '中文', '一般性', ' 0.00 ', '贈閱', 2017),
(210, '005101', '輔仁醫學期刊', 410.5, '季刊', '中文', '一般性', ' 0.00 ', '贈閱', 2017),
(211, '005102', '中臺學報（人文社會卷）', 410.51, '季刊', '中文', '一般性', ' 0.00 ', '贈閱', 2017),
(212, '005103', '食藝技術期刊', 411, '半年刊', '中文', '一般性', ' 0.00 ', '贈閱', 2017),
(213, '005111', '高醫醫訊', 411, '月刊', '中文', '一般性', ' 0.00 ', '贈閱', 2017),
(214, '005112', '好健康', 411.105, '季刊', '中文', '一般性', ' 0.00 ', '贈閱', 2017),
(215, '005121', '休閒與運動管理學刊/正修科大', 411.711, '半年刊', '中文', '休運系', ' 0.00 ', '贈閱', 2017),
(216, '005122', '藥物食品安全週報', 412.361, '週刊', '中文', '一般性', ' 0.00 ', '贈閱', 2017),
(217, '005123', '中國醫藥研究叢刊', 413.05, '年刊', '中文', '休運系', ' 0.00 ', '贈閱', 2017),
(218, '005131', '明通醫藥', 413.05, '月刊', '中文', '一般性', ' 0.00 ', '贈閱', 2017),
(219, '005132', '檢驗及品保雜誌', 414.05, '季刊', '中文', '一般性', ' 0.00 ', '贈閱', 2017),
(220, '005133', '癌症新探', 415.271, '季刊', '中文', '一般性', ' 0.00 ', '贈閱', 2017),
(221, '005141', '好心肝', 415.53, '季刊', '中文', '一般性', ' 0.00 ', '贈閱', 2017),
(222, '005142', '愛之關懷', 415.606, '季刊', '中文', '一般性', ' 0.00 ', '贈閱', 2017),
(223, '005143', '精神分析通訊', 415.951, '季刊', '中文', '一般性', ' 0.00 ', '贈閱', 2017),
(224, '005151', '中華民國器官捐贈協會會刊', 416.305, '不定期', '中文', '一般性', ' 0.00 ', '贈閱', 2017),
(225, '005152', '早產兒基金會會訊', 417.517, '季刊', '中文', '幼保系', ' 0.00 ', '贈閱', 2017),
(226, '005153', '輔具之友 ＝ Assistive Technology', 419.05, '半年刊', '中文', '一般性', ' 0.00 ', '新贈', 2017),
(227, '005161', '高雄衛生', 419.205, '季刊', '中文', '一般性', ' 0.00 ', '贈閱', 2017),
(228, '005162', '安泰醫護雜誌', 419.7, '不定期', '中文', '一般性', ' 0.00 ', '贈閱', 2017),
(229, '005163', '吾愛吾家', 420, '季刊', '中文', '一般性', ' 0.00 ', '贈閱', 2017),
(230, '005171', '輔仁民生學誌 ', 420.5, '年刊', '中文', '一般性', ' 0.00 ', '贈閱', 2017),
(231, '005172', '流行快訊', 423.23, '雙週刊', '中文', '妝彩系', ' 3,059 ', '訂購', 2017),
(232, '005181', 'VOCE中文版', 425.05, '月刊', '中文', '妝彩系', ' 2,447 ', '訂購', 2017),
(233, '005182', 'BODY體面', 425.3, '11/Y', '中文', '妝彩系', ' 1,298 ', '訂購', 2017),
(234, '006011', 'SALON NEWS', 425.5, '雙月刊', '中文', '妝彩系', ' 1,668 ', '訂購', 2017),
(235, '006012', '琉璃光養身世界季刊', 427, '季刊', '中文', '一般性', ' 0.00 ', '贈閱', 2017),
(236, '006021', '東方美食:?烹飪藝術家', 427.11, '月刊', '簡體中文', '餐飲系', ' 1,574 ', '訂購', 2017),
(237, '006022', '幼兒保育研究集刊/正修科技大學幼兒保育系', 428.05, '半年刊', '中文', '幼保系', ' 0.00 ', '贈閱', 2017),
(238, '006023', '苗栗區農業專訊', 430.33, '季刊', '中文', '一般性', ' 0.00 ', '贈閱', 2017),
(239, '006031', '農業推廣文彙', 430.39, '年刊', '中文', '一般性', ' 0.00 ', '贈閱', 2017),
(240, '006032', '桃園區農業專訊', 430.391, '季刊', '中文', '一般性', ' 0.00 ', '贈閱', 2017),
(241, '006033', '休閒農業產業評論 ＝ Farm Tourism Business Review', 431.23, '年刊', '中文', '一般性', ' 0.00 ', '新贈', 2017),
(242, '006041', '農業生技產業季刊', 432.05, '季刊', '中文', '一般性', ' 0.00 ', '贈閱', 2017),
(243, '006042', '農田水利', 432.57, '月刊', '中文', '一般性', ' 0.00 ', '贈閱', 2017),
(244, '006043', '水土保持', 432.73, '季刊', '中文', '土木系', ' 0.00 ', '贈閱', 2017),
(245, '006051', '工程雙月刊', 440, '雙月刊', '中文', '土木系', ' 741 ', '訂購', 2017),
(246, '006052', '技術學刊', 440, '季刊', '中文', '一般性', ' 0.00 ', '贈閱', 2017),
(247, '006053', '中工高雄會刊', 440.05, '不定期', '中文', '一般性', ' 0.00 ', '新贈', 2017),
(248, '006061', '中國工程學刊', 440.05, '雙月刊', '中文', '機械系', ' 0.00 ', '贈閱', 2017),
(249, '006062', '中興工程', 440.05, '季刊', '中文', '一般性', ' 0.00 ', '贈閱', 2017),
(250, '006063', '興大工程學刊', 440.05, '半年刊', '中文', '土木系', ' 0.00 ', '贈閱', 2017),
(251, '006071', '科學與工程技術期刊', 440.5, '季刊', '中文', '機械系', ' 0.00 ', '贈閱', 2017),
(252, '006072', '國立宜蘭大學工程學刊', 440.5, '年刊', '中文', '一般性', ' 0.00 ', '贈閱', 2017),
(253, '006073', '中國土木水利工程學刊', 441.05, '季刊', '中文', '土木系', ' 0.00 ', '贈閱', 2017),
(254, '006081', '量測資訊', 440.91, '雙月刊', '中文', '電子系', ' 741 ', '訂購', 2017),
(255, '006082', '土木技術（日文）', 441.05, '月刊?', '日文 ', '土木系', ' 5,616 ', '訂購', 2017),
(256, '006083', '技師報 ＝ Engineers Times', 441.05, '週刊', '中文', '一般性', ' 0.00 ', '新贈', 2017),
(257, '006091', '土木水利', 441.086, '雙月刊', '中文', '土木系', ' 1,668 ', '訂購', 2017),
(258, '006092', '大地技師', 441.103, '季刊', '中文', '一般性', ' 0.00 ', '贈閱', 2017),
(259, '006093', '鋼結構工程', 441.117, '季刊', '中文', '土木系', ' 0.00 ', '贈閱', 2017),
(260, '006101', '現代營建', 441.5, '月刊', '中文', '建築系', ' 1,298 ', '訂購', 2017),
(261, '006102', '建築技術（日文）', 441.52, '月刊', '日文 ', '建築系', ' 8,268 ', '訂購', 2017),
(262, '006103', '營造天下', 441.529, '不定期', '中文', '土木系', ' 0.00 ', '贈閱', 2017),
(263, '006111', '建築園', 441.529, '季刊', '中文', '建築系', ' 0.00 ', '贈閱', 2017),
(264, '006112', '建築細部(大陸)', 441.56, '雙月刊', '簡體中文', '建築系', ' 2,548 ', '訂購', 2017),
(265, '006113', '健康與建築雜誌', 441.577, '3/年', '中文', '一般性', ' 0.00 ', '新贈', 2017),
(266, '006121', '鋪面工程 ： 中華鋪面工程學會會刊', 442.1, '半年刊', '中文', '土木系', ' 0.00 ', '贈閱', 2017),
(267, '006122', '臺灣公路工程', 442.14, '月刊', '中文', '土木系', ' 0.00 ', '贈閱', 2017),
(268, '006123', '捷運技術', 442.96, '半年刊', '中文', '一般性', ' 0.00 ', '贈閱', 2017),
(269, '006131', '台灣水利', 443, '季刊', '中文', '一般性', ' 0.00 ', '贈閱', 2017),
(270, '006132', '海洋學刊', 444, '季刊', '中文', '一般性', ' 0.00 ', '贈閱', 2017),
(271, '006133', '環境與生態學報/國立臺南大學', 445, '半年刊', '中文', '一般性', ' 0.00 ', '贈閱', 2017),
(272, '006141', '環境教育學刊', 445.05, '半年刊', '中文', '一般性', ' 0.00 ', '贈閱', 2017),
(273, '006142', '冷凍空調技師', 446, '季刊', '中文', '機械系', ' 0.00 ', '贈閱', 2017),
(274, '006143', '中華水電冷凍空調', 446.05, '月刊', '中文', '機械系', ' 1,205 ', '訂購', 2017),
(275, '006151', '機械工業', 446.05, '月刊', '中文', '機械系', ' 1,854 ', '訂購', 2017),
(276, '006152', '機械月刊', 446.05, '月刊', '中文', '機械系', ' 1,854 ', '訂購', 2017),
(277, '006161', '機械工程', 446.19, '季刊', '中文', '機械系', ' 741 ', '訂購', 2017),
(278, '006162', '太陽能及新能源學刊', 446.605, '半年刊', '中文', '一般性', ' 0.00 ', '贈閱', 2017),
(279, '006163', '單車誌=Cycling Update', 447.32, '雙月刊', '中文', '機械系', ' 0.00 ', '贈閱', 2017),
(280, '006171', '中國電機工程學刊', 448.05, '雙月刊', '中文', '電機系', ' 2,600 ', '新訂', 2017),
(281, '006172', '台電工程月刊', 448.05, '月刊', '中文', '一般性', ' 0.00 ', '贈閱', 2017),
(282, '006173', '台機社專刊', 448.05, '不定期', '中文', '電機系', ' 0.00 ', '贈閱', 2017),
(283, '006181', '機電現場技術', 448.05, '雙月刊', '中文', '電機系', ' 741 ', '訂購', 2017),
(284, '006182', '電力人 ： 臺灣旅沙電力協會會刊', 448.06, '不定期', '中文', '電機系', ' 0.00 ', '贈閱', 2017),
(285, '007011', '半導體科技先進封裝與測試', 448.505, '雙月刊', '中文', '電子系', ' 1,020 ', '訂購', 2017),
(286, '007012', '新電子', 448.6, '月刊', '中文', '電子系', ' 1,557 ', '訂購', 2017),
(287, '007021', '電子情報', 448.65, '月刊', '中文', '電子系', ' 1,668 ', '訂購', 2017),
(288, '007022', '電信研究', 448.7, '雙月刊', '中文', '電機系', ' 0.00 ', '贈閱', 2017),
(289, '007031', '電力電子雙月刊', 448.871, '雙月刊', '中文', '電機系', ' 1,400 ', '新訂', 2017),
(290, '007032', '電光先鋒', 448.871, '半年刊(不定)', '中文', '電子系', ' 0.00 ', '贈閱', 2017),
(291, '007041', 'SmartAuto智動化', 448.905, '月刊', '中文', '機械系', ' 1,668 ', '新訂', 2017),
(292, '007042', '遙控技術、遙控飛行技術(合訂本)', 448.905, '月刊', '中文', '機械系', ' 2,039 ', '訂購', 2017),
(293, '007051', '機器人雜誌', 448.992, '雙月刊', '中文', '機械系', ' 1,279 ', '訂購', 2017),
(294, '007052', '台電核能月刊', 449.05, '月刊', '中文', '一般性', ' 0.00 ', '贈閱', 2017),
(295, '007053', '石油通訊', 457.5, '月刊', '中文', '一般性', ' 0.00 ', '贈閱', 2017),
(296, '007061', '科儀新知', 471.05, '雙月刊', '中文', '機械系', ' 0.00 ', '贈閱', 2017),
(297, '007062', 'DigiTrend數位狂潮電腦雜誌', 471.5, '雙月刊', '中文', '資管系', ' 0.00 ', '贈閱', 2017),
(298, '007063', '印刷科技', 477.05, '季刊', '中文', '機械系', ' 0.00 ', '贈閱', 2017),
(299, '007071', '臺灣工藝', 479.7, '季刊', '中文', '藝文處', ' 0.00 ', '贈閱', 2017),
(300, '007072', '商業流通資訊季刊', 480, '季刊', '中文', '企管系', ' 0.00 ', '贈閱', 2017),
(301, '007073', '台糖通訊', 481.8, '月刊', '中文', '一般性', ' 0.00 ', '贈閱', 2017),
(302, '007081', '料理．台灣= Ryori.Taiwan', 483.8, '雙月刊', '中文', '餐飲系', ' 834 ', '訂購', 2017),
(303, '007082', '餐飲產業情報= Foodserverice industry news', 483.8, '月刊', '中文', '餐飲系', ' 1,112 ', '訂購', 2017),
(304, '007083', '東方美食:?餐飲經理人', 483.81, '月刊', '簡體中文', '餐飲系', ' 1,574 ', '訂購', 2017),
(305, '007091', '數位知識閱刊', 484.6, '月刊', '中文', '數位系', ' 3,000 ', '新訂', 2017),
(306, '007092', 'STUFF史塔夫科技 國際中文版', 484.605, '月刊', '中文', '資工系', ' 1,389 ', '新訂', 2017),
(307, '007093', '電子商務研究', 490.29, '季刊', '中文', '一般性', ' 0.00 ', '新贈', 2017),
(308, '007101', '北商學報', 490.5, '半年刊', '中文', '企管系', ' 0.00 ', '贈閱', 2017),
(309, '007102', '非凡商業周刊', 490.5, '週刊', '中文', '企管系', ' 5,561 ', '訂購', 2017),
(310, '007103', '商管科技', 490.5, '季刊', '中文', '企管系', ' 741 ', '訂購', 2017),
(311, '007111', '天下', 494, '雙週刊', '中文', '企管系', ' 2,762 ', '訂購', 2017),
(312, '007112', '世界經理文摘EMBA', 494, '月刊', '中文', '資管系', ' 1,854 ', '訂購', 2017),
(313, '007121', '卓越', 494, '月刊', '中文', '企管系', ' 1,186 ', '訂購', 2017),
(314, '007122', '能力', 494, '月刊', '中文', '企管系', ' 1,668 ', '訂購', 2017),
(315, '007131', '商業周刊', 494, '週刊', '中文', '企管系', ' 3,299 ', '訂購', 2017),
(316, '007132', '專案管理學刊', 494, '季刊', '中文', '企管系', ' 0.00 ', '贈閱', 2017),
(317, '007133', '管理學報', 494, '雙月刊', '中文', '企管系', ' 0.00 ', '贈閱', 2017),
(318, '007141', '遠見', 494, '月刊', '中文', '企管系', ' 1,835 ', '訂購', 2017),
(319, '007142', 'CIO IT經理人', 494.05, '月刊', '中文', '資工系', ' 2,224 ', '訂購', 2017),
(320, '007151', '大師輕鬆讀-105.6月起改管理與創新', 494.05, '雙週刊', '中文', '企管系', ' 2,734 ', '訂購', 2017),
(321, '007152', '中原企管評論 ＝ Chung Yuan Management Review', 494.05, '半年刊', '中文', '企管系', ' 0.00 ', '贈閱', 2017),
(322, '007153', '交大管理學報', 494.05, '半年刊', '中文', '企管系', ' 0.00 ', '贈閱', 2017),
(323, '007161', '哈佛商業評論中文版', 494.05, '月刊', '中文', '國企系', ' 3,337 ', '訂購', 2017),
(324, '007162', '科技管理學刊', 494.05, '半年刊', '中文', '一般性', ' 0.00 ', '贈閱', 2017),
(325, '007163', '產業管理評論', 494.05, '半年刊', '中文', '企管系', ' 0.00 ', '贈閱', 2017),
(326, '007171', '創新與管理', 494.05, '半年刊', '中文', '企管系', ' 0.00 ', '贈閱', 2017),
(327, '007172', '創業創新育成', 494.05, '雙月刊', '中文', '企管系', ' 0.00 ', '贈閱', 2017),
(328, '007173', '朝陽商管評論 ＝ Chaoyang Business and Management Review', 494.05, '半年刊', '中文', '企管系', ' 0.00 ', '贈閱', 2017),
(329, '007181', '管理研究學報', 494.05, '半年刊(拖刊)', '中文', '企管系', ' 0.00 ', '贈閱', 2017),
(330, '007182', '管理科學與統計決策/正修科大', 494.05, '半年刊', '中文', '企管系', ' 0.00 ', '贈閱', 2017),
(331, '007183', '管理資訊計算', 494.05, '半年刊', '中文', '企管系', ' 0.00 ', '贈閱', 2017),
(332, '008011', '管理與系統', 494.05, '季刊', '中文', '企管系', ' 0.00 ', '贈閱', 2017),
(333, '008012', '臺大管理論叢', 494.05, '半年刊', '中文', '企管系', ' 0.00 ', '贈閱', 2017),
(334, '008013', '全球商業經營管理學報/正修科大', 494.07, '年刊', '中文', '企管系', ' 0.00 ', '贈閱', 2017),
(335, '008021', '創業管理研究', 494.105, '季刊', '中文', '企管系', ' 0.00 ', '贈閱', 2017),
(336, '008022', '經理人月刊', 494.23, '月刊', '中文', '企管系', ' 1,854 ', '訂購', 2017),
(337, '008023', '財務金融學刊', 494.7, '季刊', '中文', '金融系', ' 2,224 ', '訂購', 2017),
(338, '008031', '會計研究', 495, '月刊', '中文', '國企系', ' 1,854 ', '訂購', 2017),
(339, '008032', '會計與公司治理', 495.05, '半年刊', '中文', '一般性', ' 0.00 ', '贈閱', 2017),
(340, '008033', '會計審計論叢', 495.05, '半年刊', '中文', '企管系', ' 0.00 ', '贈閱', 2017),
(341, '008041', '評價學報', 495.405, '半年刊', '中文', '一般性', ' 0.00 ', '贈閱', 2017),
(342, '008042', '直銷世紀', 496, '11/Y', '中文', '企管系', ' 1,196 ', '訂購', 2017),
(343, '008043', '消費者報導', 496, '月刊', '中文', '企管系', ' 834 ', '訂購', 2017),
(344, '008051', '廣告', 497, '月刊', '中文', '工管系', ' 1,668.00 ', '訂購', 2017),
(345, '008052', 'idea（日文）', 497.05, '季刊', '日文 ', '時尚系', ' 4,914 ', '訂購', 2017),
(346, '008061', '動腦', 497.05, '月刊', '中文', '企管系', ' 1,251 ', '訂購', 2017),
(347, '008062', '震旦月刊 ＝ Aurora', 498.05, '月刊', '中文', '一般性', ' 0.00 ', '新贈', 2017),
(348, '008063', '人文', 505, '季刊', '中文', '一般性', ' 0.00 ', '贈閱', 2017),
(349, '008071', '人文暨社會科學期刊', 505, '半年刊', '中文', '一般性', ' 0.00 ', '贈閱', 2017),
(350, '008072', '人文與社會科學簡訊', 505, '季刊', '中文', '一般性', ' 0.00 ', '贈閱', 2017),
(351, '008073', '中華管理發展評論', 505, '半年刊', '中文', '一般性', ' 0.00 ', '新贈', 2017),
(352, '008081', '身體文化學報', 505, '半年刊', '中文', '一般性', ' 0.00 ', '贈閱', 2017),
(353, '008082', '教育與社會科學類/高雄師大學報', 505, '半年刊', '中文', '一般性', ' 0.00 ', '贈閱', 2017),
(354, '008083', '銘傳社科學報', 505, '半年刊', '中文', '一般性', ' 0.00 ', '新贈', 2017),
(355, '008091', '統計與資訊評論/國立臺北大學', 510.5, '年刊', '中文', '一般性', ' 0.00 ', '贈閱', 2017),
(356, '008092', '臺灣教育社會學研究 ', 520.161, '半年刊', '中文', '師培中心', ' 927 ', '訂購', 2017),
(357, '008093', '教育研究學報/國立臺南大學', 520.31, '半年刊', '中文', '師資培育中心', ' 0.00 ', '贈閱', 2017),
(358, '008101', '高教評鑑與發展', 520.38, '年刊', '中文', '一般性', ' 0.00 ', '新贈', 2017),
(359, '008102', '中正教育研究', 520.5, '半年刊', '中文', '一般性', ' 0.00 ', '贈閱', 2017),
(360, '008103', '全人教育學報/輔仁大學', 520.5, '年刊', '中文', '一般性', ' 0.00 ', '贈閱', 2017),
(361, '008111', '屏東教育大學學報‧教育類', 520.5, '半年刊', '中文', '師資培育中心', ' 0.00 ', '贈閱', 2017),
(362, '008112', '屏縣教育', 520.5, '季刊', '中文', '一般性', ' 0.00 ', '新贈', 2017),
(363, '008113', '教育研究月刊', 520.5, '月刊', '中文', '師培中心', ' 4,449 ', '訂購', 2017),
(364, '008121', '教育研究集刊 ', 520.5, '季刊', '中文', '師培中心', ' 2,224 ', '訂購', 2017),
(365, '008122', '教育研究與發展期刊', 520.5, '季刊', '中文', '師資培育中心', ' 0.00 ', '贈閱', 2017),
(366, '008123', '教育科學研究期刊', 520.5, '季刊', '中文', '師資培育中心', ' 0.00 ', '贈閱', 2017),
(367, '008131', '教育資料集刊', 520.5, '年刊', '中文', '師資培育中心', ' 0.00 ', '贈閱', 2017),
(368, '008132', '教育實踐與研究', 520.5, '半年刊', '中文', '一般性', ' 0.00 ', '贈閱', 2017),
(369, '008133', '教育與心理研究 ', 520.5, '季刊', '中文', '幼保系', ' 2,224 ', '訂購', 2017),
(370, '008141', '教育學刊', 520.5, '半年刊', '中文', '企管系', ' 1,112 ', '訂購', 2017),
(371, '008142', '慈濟大學教育研究學刊', 520.5, '半年刊', '中文', '師資培育中心', ' 0.00 ', '贈閱', 2017),
(372, '008143', '新北市教育', 520.5, '季刊', '中文', '一般性', ' 0.00 ', '贈閱', 2017),
(373, '008151', '課程與教學季刊', 520.5, '季刊', '中文', '幼保系', ' 1,390 ', '訂購', 2017),
(374, '008152', '教育資料與研究', 520.69, '雙月刊', '中文', '幼保系.師資培育中心', ' 0.00 ', '贈閱', 2017),
(375, '008153', '數位與開放學習期刊 ＝ The Journal of Open and e-Learning', 521.505, '年刊', '中文', '一般性', ' 0.00 ', '新贈', 2017),
(376, '008161', '教育科技與學習', 521.55, '半年刊', '中文', '一般性', ' 0.00 ', '贈閱', 2017),
(377, '008162', '教科書研究', 521.8, '半年刊', '中文', '師資培育中心', ' 0.00 ', '贈閱', 2017),
(378, '008163', '教師天地', 522, '雙月刊', '中文', '幼保系.師資培育中心', ' 0.00 ', '贈閱', 2017),
(379, '008171', '師資培育與教師專業發展期刊/國立彰化師範大學', 522.05, '半年刊', '中文', '師資培育中心', ' 0.00 ', '贈閱', 2017),
(380, '008172', '四季兒童教育專刊', 523.05, '季刊', '中文', '幼保系', ' 0.00 ', '贈閱', 2017),
(381, '008173', '市北教育學刊', 523.05, '年刊', '中文', '幼保系.師資培育中心', ' 0.00 ', '贈閱', 2017),
(382, '008181', '幼兒教保研究期刊/國立嘉義大學幼兒教育學系', 523.2, '半年刊', '中文', '幼保系', ' 0.00 ', '贈閱', 2017),
(383, '008182', '小騎士Kids First', 523.205, '季刊', '中文', '一般性', ' 0.00 ', '贈閱', 2017),
(384, '008183', '幼兒教育研究/南華大學幼兒教育學系', 523.205, '年刊', '中文', '幼保系', ' 0.00 ', '贈閱', 2017),
(385, '009011', '科學教育研究與發展季刊', 523.36, '季刊', '中文', '師資培育中心', ' 0.00 ', '贈閱', 2017),
(386, '009012', '高教技職簡訊→2015.3月起改刊名高教創新', 525.05, '月刊', '中文', '一般性', ' 0.00 ', '贈閱', 2017),
(387, '009013', '高等教育', 525.05, '半年刊', '中文', '師培中心', ' 1,112 ', '訂購', 2017),
(388, '009021', '通識教育與跨域研究', 525.331, '半年刊', '中文', '一般性', ' 0.00 ', '贈閱', 2017),
(389, '009022', '通識教育學報/海軍軍官學校', 525.331, '年刊', '中文', '一般性', ' 0.00 ', '新贈', 2017),
(390, '009023', '通識教育學報/國立臺中科技大學', 525.331, '年刊', '中文', '一般性', ' 0.00 ', '新贈', 2017),
(391, '009031', '慈濟通識教育學刊', 525.42, '年刊', '中文', '一般性', ' 0.00 ', '贈閱', 2017),
(392, '009032', '通識在線', 525.42, '雙月刊', '中文', '一般性', ' 0.00 ', '贈閱', 2017),
(393, '009033', '通識學刊理念與實務', 525.42, '半年刊', '中文', '一般性', ' 0.00 ', '新贈', 2017),
(394, '009041', '教育行政與評鑑學刊', 526.05, '半年刊', '中文', '師資培育中心', ' 0.00 ', '贈閱', 2017),
(395, '009042', '教育政策論壇', 526.05, '季刊', '中文', '師培中心', ' 2,224 ', '訂購', 2017),
(396, '009043', '輔導與諮商學報', 527.405, '半年刊', '中文', '一般性', ' 0.00 ', '贈閱', 2017),
(397, '009051', '公民教育與活動領導學報', 528.305, '半年刊', '中文', '一般性', ' 0.00 ', '新贈', 2017),
(398, '009052', '技術及職業教育/教育部', 528.805, '季刊', '中文', '一般性', ' 0.00 ', '贈閱', 2017),
(399, '009053', '技術及職業教育學報/國立臺灣師範大學', 528.805, '3/年', '中文', '一般性', ' 0.00 ', '贈閱', 2017),
(400, '009061', '大專體育學刊', 528.9, '季刊', '中文', '休運系', ' 0.00 ', '贈閱', 2017),
(401, '009062', '國民體育', 528.9, '季刊', '中文', '休運系', ' 0.00 ', '贈閱', 2017),
(402, '009063', '臺大體育', 528.9, '半年刊/拖刊', '中文', '休運系', ' 0.00 ', '贈閱', 2017),
(403, '009071', '學校體育', 528.9, '雙月刊', '中文', '休運系', ' 0.00 ', '贈閱', 2017),
(404, '009072', '運動研究/臺北市立體育學院', 528.905, '半年刊', '中文', '休運系', ' 0.00 ', '贈閱', 2017),
(405, '009073', '臺大體育學報', 528.905, '半年刊', '中文', '休運系', ' 0.00 ', '贈閱', 2017),
(406, '009081', '輔仁大學體育學刊', 528.905, '年刊', '中文', '休運系', ' 0.00 ', '贈閱', 2017),
(407, '009082', '大專體育', 528.906, '雙月刊', '中文', '休運系', ' 0.00 ', '贈閱', 2017),
(408, '009083', '陸上競技（日文）', 528.941, '月刊', '日文 ', '休運系', ' 4,680 ', '訂購', 2017),
(409, '009091', 'Soft-Tennis Magazine(日文)', 528.953, '月刊', '日文 ', '休運系', ' 4,290 ', '訂購', 2017),
(410, '009092', '中華軟網', 528.953, '季刊', '中文', '一般性', ' 0.00 ', '新贈', 2017),
(411, '009093', '排球教練科學', 528.954, '半年刊', '中文', '休運系', ' 0.00 ', '贈閱', 2017),
(412, '009101', '職業棒球', 528.955, '月刊', '中文', '休運系', ' 1,205 ', '訂購', 2017),
(413, '009102', '桌球王?（日文）', 528.956, '月刊', '日文 ', '休運系', ' 3,120 ', '訂購', 2017),
(414, '009103', '大專運動報', 528.983, '月刊', '中文', '一般性', ' 0.00 ', '新贈', 2017),
(415, '009111', 'J''STUDY留日情報', 529.24, '雙月刊', '中文', '一般性', ' 0.00 ', '贈閱', 2017),
(416, '009112', '留日同學會刊', 529.283, '半年刊', '中文', '一般性', ' 0.00 ', '贈閱', 2017),
(417, '009113', '華教導報 ： 董教總會訊', 529.305, '季刊', '中文', '一般性', ' 0.00 ', '贈閱', 2017),
(418, '009121', '原教界：原住民族教育情報誌', 529.471, '雙月刊', '中文', '一般性', ' 0.00 ', '贈閱', 2017),
(419, '009122', '客家雜誌', 536.2, '月刊', '中文', '通識中心', ' 1,112 ', '訂購', 2017),
(420, '009123', '六堆風雲', 536.211, '月刊', '中文', '一般性', ' 0.00 ', '新贈', 2017),
(421, '009131', '客家文化季刊', 536.211, '季刊', '中文', '一般性', ' 0.00 ', '贈閱', 2017),
(422, '009132', '六堆', 536.211, '雙月刊', '中文', '通識中心', ' 834 ', '訂購', 2017),
(423, '009133', '原住民族', 536.291, '季刊', '中文', '一般性', ' 0.00 ', '贈閱', 2017),
(424, '009141', '臺灣原young:原住民青少年雜誌', 536.291, '雙月刊', '中文', '一般性', ' 0.00 ', '贈閱', 2017),
(425, '009142', '原住民族文化傳播學刊', 536.331, '年刊', '中文', '一般性', ' 0.00 ', '新贈', 2017),
(426, '009143', '經典', 541.205, '月刊', '中文', '通識中心', ' 1,909 ', '訂購', 2017),
(427, '009151', '文化創意集刊', 541.291, '年刊', '中文', '一般性', ' 0.00 ', '贈閱', 2017),
(428, '009152', '住宅學報', 542.605, '半年刊', '中文', '建築系', ' 0.00 ', '贈閱', 2017),
(429, '009161', 'Cheers快樂工作人', 542.705, '月刊', '中文', '企管系', ' 1,557 ', '訂購', 2017),
(430, '009162', '就業安全', 542.705, '半年刊', '中文', '一般性', ' 0.00 ', '贈閱', 2017),
(431, '009163', '勞動力與創新 ＝ Workforce & Innovation', 542.711, '季刊', '中文', '一般性', ' 0.00 ', '新贈', 2017),
(432, '009171', 'Talent=前瞻．國際．研發．人才', 542.75, '季刊', '中文', '企管系', ' 0.00 ', '贈閱', 2017),
(433, '009172', 'carrer職場情報誌', 542.76, '雙月刊', '中文', '企管系', ' 649 ', '訂購', 2017),
(434, '009173', '社區發展季刊', 545, '季刊', '中文', '幼保系', ' 556 ', '訂購', 2017),
(435, '009181', '城市發展', 545.092, '半年刊', '中文', '一般性', ' 0.00 ', '贈閱', 2017),
(436, '009182', '一貫道總會會訊', 546.93, '月刊', '中文', '一般性', ' 0.00 ', '贈閱', 2017),
(437, '009183', '臺灣社會工作學刊', 547.05, '半年刊', '中文', '幼保系', ' 0.00 ', '贈閱', 2017),
(438, '010011', '停泊棧', 548.05, '季刊', '中文', '一般性', ' 0.00 ', '新贈', 2017),
(439, '010012', '善牧誌', 548.205, '季刊', '中文', '一般性', ' 0.00 ', '新贈', 2017),
(440, '010013', '消保雙月刊', 548.39, '雙月刊', '中文', '一般性', ' 0.00 ', '新贈', 2017),
(441, '010021', '展望會訊 ＝ World Vision News ＝ Newsletter', 548.461, '季刊', '中文', '一般性', ' 0.00 ', '新贈', 2017),
(442, '010022', '台灣經濟研究月刊', 550, '月刊', '中文', '國企系', ' 1,668 ', '訂購', 2017),
(443, '010023', '經濟論文 ', 550, '季刊', '中文', '國企系', ' 834 ', '訂購', 2017),
(444, '010031', '台灣新經濟簡訊Taiwan New Economy', 550.5, '月刊', '中文', '企管系', ' 0.00 ', '贈閱', 2017),
(445, '010032', '亞太經濟合作評論 ＝ APEC Review', 550.5, '年刊', '中文', '國企系', ' 0.00 ', '贈閱', 2017),
(446, '010033', '經濟研究', 550.5, '半年刊', '中文', '國企系', ' 0.00 ', '贈閱', 2017),
(447, '010041', '經濟與管理論叢', 550.5, '半年刊', '中文', '企管系', ' 0.00 ', '贈閱', 2017),
(448, '010042', '經濟論文叢刊', 550.5, '季刊', '中文', '國企系', ' 1,205 ', '訂購', 2017),
(449, '010043', '中華民國太平洋企業論壇簡訊', 552.161, '月刊', '中文', '一般性', ' 0.00 ', '贈閱', 2017),
(450, '010051', '上海經濟研究', 552.2, '季刊', '中文', '一般性', ' 0.00 ', '新贈', 2017),
(451, '010052', '台灣經濟論衡', 552.283, '季刊', '中文', '國企系', ' 0.00 ', '贈閱', 2017),
(452, '010053', '台灣景氣指標', 553, '月刊', '中文', '國企系', ' 0.00 ', '贈閱', 2017),
(453, '010061', '財訊 ', 553, '雙週刊', '中文', '國企系', ' 2,484 ', '訂購', 2017),
(454, '010062', '臺南產經', 553.5, '月刊', '中文', '國企系', ' 0.00 ', '贈閱', 2017),
(455, '010063', '能源報導', 554.68, '月刊', '中文', '一般性', ' 0.00 ', '贈閱', 2017),
(456, '010071', '臺灣能源期刊 ＝ Journal of Taiwan Energy', 554.68, '季刊', '中文', '一般性', ' 0.00 ', '新贈', 2017),
(457, '010072', '工業技術與資訊', 555.05, '月刊', '中文', '工管系', ' 0.00 ', '贈閱', 2017),
(458, '010073', '產業與管理論壇(TSSCI)', 555.05, '季刊', '中文', '金融系', ' 2,224 ', '訂購', 2017),
(459, '010081', '永續產業發展季刊', 555.2, '季刊', '中文', '工管系', ' 0.00 ', '贈閱', 2017),
(460, '010082', '中小企業發展季刊', 555.351, '季刊', '中文', '工管系', ' 0.00 ', '贈閱', 2017),
(461, '010083', '工場管理（日文）', 555.5, '月刊', '日文', '工管系', ' 3,991 ', '新訂', 2017),
(462, '010091', '工業安全衛生', 555.56, '月刊', '中文', '工管系', ' 0.00 ', '贈閱', 2017),
(463, '010092', '勞動及職業安全衛生研究季刊', 555.56, '季刊', '中文', '工管系', ' 0.00 ', '贈閱', 2017),
(464, '010093', '台灣勞工', 556.05, '季刊', '中文', '工管系', ' 0.00 ', '贈閱', 2017),
(465, '010101', '今日郵政', 557.6, '月刊', '中文', '通識中心', ' 741 ', '訂購', 2017),
(466, '010102', '臺北捷運報導', 557.851, '月刊', '中文', '一般性', ' 0.00 ', '贈閱', 2017),
(467, '010103', '貿易雜誌', 558, '月刊', '中文', '國企系', ' 927 ', '訂購', 2017),
(468, '010111', 'APEC通訊', 558.05, '月刊', '中文', '國企系', ' 0.00 ', '贈閱', 2017),
(469, '010112', '經貿透視雙周刊', 558.05, '雙週刊', '中文', '國企系', ' 1,854 ', '訂購', 2017),
(470, '010113', '兩岸經貿', 558.52, '月刊', '中文', '國企系', ' 0.00 ', '贈閱', 2017),
(471, '010121', '財金論文叢刊', 560.5, '半年刊', '中文', '金融系', ' 0.00 ', '贈閱', 2017),
(472, '010122', '金融業務參考資料', 561, '月刊', '中文', '金融系', ' 0.00 ', '贈閱', 2017),
(473, '010123', '台灣銀行家', 561.05, '月刊', '中文', '金融系', ' 1,483 ', '訂購', 2017),
(474, '010131', '兩岸金融季刊', 561.05, '季刊', '中文', '國企系', ' 1,020 ', '訂購', 2017),
(475, '010132', '貨幣觀測與信用評等', 561.05, '雙月刊', '中文', '國企系', ' 0.00 ', '贈閱', 2017),
(476, '010133', '金總服務', 561.06, '雙月刊', '中文', '一般性', ' 0.00 ', '新贈', 2017),
(477, '010141', '金融業務統計輯要', 561.9, '月刊', '中文', '金融系', ' 0.00 ', '贈閱', 2017),
(478, '010142', '一銀月刊', 562.05, '月刊', '中文', '金融系', ' 0.00 ', '贈閱', 2017),
(479, '010143', '中央銀行季刊', 562.05, '季刊', '中文', '國企系', ' 927 ', '訂購', 2017),
(480, '010151', '今日合庫', 562.4, '月刊', '中文', '金融系', ' 0.00 ', '贈閱', 2017),
(481, '010152', '華南金控', 562.5, '月刊', '中文', '金融系', ' 0.00 ', '贈閱', 2017),
(482, '010153', '彰銀資料', 562.69, '月刊', '中文', '金融系', ' 0.00 ', '贈閱', 2017),
(483, '010161', '臺灣期貨', 563, '雙月刊', '中文', '金融系', ' 0.00 ', '贈閱', 2017),
(484, '010162', '台灣經濟金融月刊(臺灣銀行)', 563.05, '月刊', '中文', '國企系', ' 0.00 ', '贈閱', 2017),
(485, '010163', '期貨人', 563.5, '季刊', '中文', '國企系', ' 0.00 ', '贈閱', 2017),
(486, '010171', '台灣期貨與衍生性商品學刊', 563.505, '年刊', '中文', '金融系', ' 0.00 ', '贈閱', 2017),
(487, '010172', '國際投資季刊', 563.528, '季刊', '中文', '國企系', ' 0.00 ', '贈閱', 2017),
(488, '010173', '證券市場發展', 563.531, '季刊', '中文', '金融系', ' 1,854 ', '訂購', 2017),
(489, '010181', '期貨與選擇權學刊', 563.534, '半年刊', '中文', '金融系', ' 0.00 ', '贈閱', 2017),
(490, '010182', '現代保險健康+理財雜誌', 563.7, '月刊', '中文', '企管系', ' 1,854 ', '訂購', 2017),
(491, '010183', '全民健康保險', 563.74, '雙月刊', '中文', '一般性', ' 0.00 ', '贈閱', 2017),
(492, '011011', '公務人員', 563.781, '雙月刊', '中文', '企管系', ' 649 ', '訂購', 2017),
(493, '011012', '今日海關', 568.8, '季刊', '中文', '國企系', ' 0.00 ', '贈閱', 2017),
(494, '011013', '國會', 570, '月刊', '中文', '一般性', ' 0.00 ', '贈閱', 2017),
(495, '011021', '新世紀智庫論壇', 570, '季刊', '中文', '一般性', ' 0.00 ', '贈閱', 2017),
(496, '011022', '中國評論', 570.5, '月刊', '中文', '一般性', ' 0.00 ', '贈閱', 2017),
(497, '011023', '台灣國家政策學刊', 570.5, '年刊', '中文', '一般性', ' 0.00 ', '贈閱', 2017),
(498, '011031', '交流', 570.5, '雙月刊', '中文', '一般性', ' 0.00 ', '贈閱', 2017),
(499, '011032', '臺灣民主季刊', 570.5, '季刊', '中文', '一般性', ' 0.00 ', '贈閱', 2017),
(500, '011033', '人事月刊', 572.405, '月刊', '中文', '企管系', ' 945 ', '訂購', 2017),
(501, '011041', '檔案季刊', 572.97, '季刊', '中文', '一般性', ' 0.00 ', '贈閱', 2017),
(502, '011042', '兩岸?報', 573.07, '雙週刊', '中文', '一般性', ' 0.00 ', '新贈', 2017),
(503, '011043', '遠望', 573.07, '月刊', '中文', '一般性', ' 0.00 ', '贈閱', 2017),
(504, '011051', '台海研究', 573.09, '季刊', '中文', '一般性', ' 0.00 ', '新贈', 2017),
(505, '011052', '司法周刊', 573.7, '週刊', '中文', '一般性', ' 0.00 ', '贈閱', 2017),
(506, '011053', '東亞論壇 ＝ East-Asia Review', 574.31, '季刊', '中文', '一般性', ' 0.00 ', '贈閱', 2017),
(507, '011061', '自來水會刊', 575.16, '季刊', '中文', '一般性', ' 0.00 ', '贈閱', 2017),
(508, '011062', '台北畫刊', 575.27, '月刊', '中文', '一般性', ' 0.00 ', '新贈', 2017),
(509, '011063', '高雄款 ＝ KH STYLE', 575.271, '雙月刊', '中文', '一般性', ' 0.00 ', '贈閱', 2017),
(510, '011071', '警光雜誌', 575.805, '月刊', '中文', '一般性', ' 0.00 ', '贈閱', 2017),
(511, '011072', '統訊', 576, '月刊', '中文', '一般性', ' 0.00 ', '贈閱', 2017),
(512, '011073', '外交部通訊', 578.822, '雙月刊', '中文', '一般性', ' 0.00 ', '贈閱', 2017),
(513, '011081', '人權會訊', 579.271, '季刊', '中文', '一般性', ' 0.00 ', '贈閱', 2017),
(514, '011082', '法治時報', 585.05, '半月刊', '中文', '一般性', ' 0.00 ', '新贈', 2017),
(515, '011083', '全球防衛', 590, '月刊', '中文', '通識中心', ' 1,854 ', '訂購', 2017),
(516, '011091', '軍事史評論', 590.5, '年刊', '中文', '一般性', ' 0.00 ', '贈閱', 2017),
(517, '011092', '國防雜誌', 590.5, '雙月刊', '中文', '一般性', ' 0.00 ', '贈閱', 2017),
(518, '011093', '新新季刊', 590.5, '季刊', '中文', '一般性', ' 0.00 ', '贈閱', 2017),
(519, '011101', '勝利之光', 591.8, '月刊', '中文', '一般性', ' 0.00 ', '贈閱', 2017),
(520, '011102', '陸軍後勤季刊', 594.05, '季刊', '中文', '一般性', ' 0.00 ', '新贈', 2017),
(521, '011103', '空軍軍官', 598.05, '雙月刊', '中文', '一般性', ' 0.00 ', '贈閱', 2017),
(522, '011111', '空軍學術雙月刊', 598.05, '雙月刊', '中文', '一般性', ' 0.00 ', '贈閱', 2017),
(523, '011112', '國防譯粹', 599.05, '月刊', '中文', '一般性', ' 0.00 ', '贈閱', 2017),
(524, '011113', 'make 國際中文版', 605, '雙月刊', '中文', '通識中心', ' 1,446 ', '訂購', 2017),
(525, '011121', '金門季刊', 673.192, '不定期/季刊', '中文', '一般性', ' 0.00 ', '贈閱', 2017),
(526, '011122', '臺灣學研究 ＝ Research in Taiwan Studies', 673.205, '半年刊', '中文', '一般性', ' 0.00 ', '贈閱', 2017),
(527, '011123', '南投報導', 673.211, '季刊', '中文', '一般性', ' 0.00 ', '贈閱', 2017),
(528, '011131', '新活水', 673.24, '雙月刊', '中文', '一般性', ' 0.00 ', '贈閱', 2017),
(529, '011132', '文化生活', 673.29, '雙月刊', '中文', '一般性', ' 0.00 ', '新贈', 2017),
(530, '011133', '宜蘭文獻雜誌', 673.29, '不定期', '中文', '一般性', ' 0.00 ', '贈閱', 2017),
(531, '011141', '高雄文獻', 673.29, '季刊', '中文', '一般性', ' 0.00 ', '贈閱', 2017),
(532, '011142', '臺北畫刊', 673.29, '月刊', '中文', '一般性', ' 0.00 ', '贈閱', 2017),
(533, '011143', '蒙藏季刊', 675.05, '季刊', '中文', '一般性', ' 0.00 ', '贈閱', 2017),
(534, '011151', '祖國文摘', 677.05, '雙月刊', '中文', '一般性', ' 0.00 ', '贈閱', 2017),
(535, '011152', '臺灣源流', 677.05, '季刊', '中文', '一般性', ' 0.00 ', '贈閱', 2017),
(536, '011153', '花蓮趣', 677.698, '季刊', '中文', '一般性', ' 0.00 ', '新贈', 2017),
(537, '011161', '高雄文化研究', 677.971, '年刊', '中文', '一般性', ' 0.00 ', '贈閱', 2017),
(538, '011162', '臺灣學通訊', 733.05, '月刊', '中文', '一般性', ' 0.00 ', '贈閱', 2017),
(539, '011163', '二二八通訊', 733.291, '季刊', '中文', '一般性', ' 0.00 ', '新贈', 2017),
(540, '011171', '台灣學誌', 733.405, '半年刊', '中文', '一般性', ' 0.00 ', '贈閱', 2017),
(541, '011172', '保庇新北市', 733.9, '雙月刊', '中文', '一般性', ' 0.00 ', '新贈', 2017),
(542, '011173', '愛上.雲林 ＝ I Love Yulin', 733.9, '季刊', '中文', '一般性', ' 0.00 ', '新贈', 2017),
(543, '011181', '日月潭 ＝ Sun Moon Lake', 733.905, '季刊', '中文', '一般性', ' 0.00 ', '新贈', 2017),
(544, '011182', '悠活臺南', 733.961, '季刊', '中文', '一般性', ' 0.00 ', '新贈', 2017),
(545, '011183', 'In fashion', 746.92, '半年刊', '中文', '妝彩系', ' 2,651 ', '訂購', 2017),
(546, '012011', '傳記文學', 780, '月刊', '中文', '通識中心', ' 1,390 ', '訂購', 2017),
(547, '012012', '故宮學術季刊', 797.05, '季刊', '中文', '通識中心', ' 1,335 ', '訂購', 2017),
(548, '012013', '語文與國際研究', 800.5, '年刊', '中文', '應外系', ' 0.00 ', '贈閱', 2017),
(549, '012021', '語言之道', 800.5, '半年刊', '中文', '一般性', ' 0.00 ', '新贈', 2017),
(550, '012022', '輔仁外語學報 ： 語言學、文學、文化', 800.5, '年刊', '中文', '應外系', ' 0.00 ', '贈閱', 2017),
(551, '012023', '中原華語文學報', 802.05, '半年刊', '中文', '一般性', ' 0.00 ', '贈閱', 2017),
(552, '012031', 'A+空中美語+光碟', 805, '月刊', '中文', '應外系', ' 1,854 ', '訂購', 2017),
(553, '012032', 'ABC互動英語+光碟', 805.105, '月刊', '中文', '應外系', ' 1,668 ', '訂購', 2017),
(554, '012041', 'ALL+互動英語+光碟', 805.105, '月刊', '中文', '應外系', ' 1,668 ', '訂購', 2017),
(555, '012042', 'Biz互動英語+CD', 805.105, '月刊', '中文', '國企系', ' 1,668 ', '訂購', 2017),
(556, '012051', 'CNN互動英語+光碟', 805.105, '月刊', '中文', '應外系', ' 1,668 ', '訂購', 2017),
(557, '012052', '地球村生活美語+光碟', 805.105, '月刊', '中文', '應外系', ' 2,197 ', '訂購', 2017),
(558, '012061', '活用空中美語+光碟', 805.105, '月刊', '中文', '應外系', ' 1,854 ', '訂購', 2017),
(559, '012062', '英語教學期刊', 805.105, '季刊', '中文', '應外系', ' 2,224 ', '訂購', 2017),
(560, '012071', '常春藤生活英語雜誌+光碟', 805.105, '月刊', '中文', '應外系', ' 1,882 ', '訂購', 2017),
(561, '012072', '常春藤解析英語+光碟', 805.105, '月刊', '中文', '應外系', ' 1,882 ', '訂購', 2017),
(562, '012081', 'Live互動英語+光碟', 805.18, '月刊', '中文', '應外系', ' 1,668 ', '訂購', 2017),
(563, '012082', '大家說英語+Super光碟', 805.18, '月刊', '中文', '應外系', ' 2,669 ', '訂購', 2017),
(564, '012091', '空中英語教室+Super光碟', 805.18, '月刊', '中文', '應外系', ' 2,669 ', '訂購', 2017),
(565, '012092', '彭蒙惠英語+Super光碟', 805.18, '月刊', '中文', '應外系', ' 2,669 ', '訂購', 2017),
(566, '012101', '實用空中美語+光碟', 805.18, '月刊', '中文', '應外系', ' 1,854 ', '訂購', 2017),
(567, '012102', '中外文學', 810.5, '季刊', '中文', '通識中心', ' 816 ', '訂購', 2017),
(568, '012103', '編譯論叢', 811.05, '半年刊', '中文', '一般性', ' 0.00 ', '贈閱', 2017),
(569, '012111', '文學新鑰/南華大學', 820.5, '年刊', '中文', '一般性', ' 0.00 ', '贈閱', 2017),
(570, '012112', '金門文藝', 820.5, '季刊', '中文', '一般性', ' 0.00 ', '新贈', 2017),
(571, '012121', '皇冠', 820.5, '月刊', '中文', '通識中心', ' 1,381 ', '訂購', 2017),
(572, '012122', '笠詩刊', 821.05, '雙月刊', '中文', '通識中心', ' 834 ', '訂購', 2017),
(573, '012123', '聲韻詩刊', 821.3, '雙月刊', '中文', '一般性', ' 0.00 ', '新贈', 2017),
(574, '012131', '台灣文學館通訊', 850.32, '季刊', '中文', '一般性', ' 0.00 ', '贈閱', 2017),
(575, '012132', '講義', 855, '月刊', '中文', '通識中心', ' 1,372 ', '訂購', 2017),
(576, '012133', '表演藝術', 901, '月刊', '中文', '時尚系', ' 926 ', '訂購', 2017),
(577, '012141', '世界美術古董情報誌(日文)', 902.8, '月刊', '日文', '時尚系', ' 3,861 ', '訂購', 2017),
(578, '012142', '美育', 903, '雙月刊', '中文', '一般性', ' 0.00 ', '贈閱', 2017),
(579, '012151', 'ART PLUS藝術地圖', 905, '月刊', '中文', '數位系', ' 1,650 ', '新訂', 2017),
(580, '012152', '文化臺中', 905, '季刊', '中文', '一般性', ' 0.00 ', '新贈', 2017),
(581, '012153', '國際藝術教育學刊 ', 905, '半年刊', '中文', '藝文處', ' 0.00 ', '贈閱', 2017),
(582, '012161', '當代藝術新聞', 905, '月刊', '中文', '妝彩系', ' 1,483 ', '訂購', 2017),
(583, '012162', '彰化藝文', 905, '季刊', '中文', '一般性', ' 0.00 ', '贈閱', 2017),
(584, '012163', '臺灣美術', 905, '季刊', '中文', '藝文處', ' 0.00 ', '贈閱', 2017),
(585, '012171', '藝術研究期刊/國立嘉義大學', 905, '年刊', '中文', '藝文處', ' 0.00 ', '贈閱', 2017),
(586, '012172', '藝術研究學報/國立臺南大學', 905, '半年刊', '中文', '藝文處', ' 0.00 ', '贈閱', 2017),
(587, '012173', '藝術家', 905, '月刊', '中文', '時尚系', ' 1,761 ', '訂購', 2017),
(588, '012181', '藝術認證', 905, '雙月刊', '中文', '時尚系', ' 1,112 ', '訂購', 2017),
(589, '012182', '藝術論文集刊', 905, '半年刊', '中文', '藝文處', ' 0.00 ', '贈閱', 2017),
(590, '012183', '藝術學刊', 905, '半年刊', '中文', '藝文處', ' 0.00 ', '贈閱', 2017),
(591, '013011', '藝術學報', 905, '半年刊', '中文', '藝文處', ' 0.00 ', '贈閱', 2017),
(592, '013012', '藝術觀點', 905, '季刊', '中文', '藝文處', ' 0.00 ', '贈閱', 2017),
(593, '013013', '大學藝文簡訊/藝文處', 906, '季刊', '中文', '藝文處', ' 0.00 ', '贈閱', 2017),
(594, '013021', '朱銘美術館季刊', 906.8, '季刊', '中文', '藝文處', ' 0.00 ', '贈閱', 2017),
(595, '013022', '樂覽', 910.5, '月刊', '中文', '藝文處', ' 0.00 ', '贈閱', 2017),
(596, '013031', '室內', 920, '月刊', '中文', '建築系', ' 2,224 ', '訂購', 2017),
(597, '013032', '建築師', 920, '月刊', '中文', '建築系', ' 2,224 ', '訂購', 2017),
(598, '013033', '公共藝術簡訊 ＝ Public Art Newsletter　', 920.5, '月刊', '中文', '一般性', ' 0.00 ', '新贈', 2017),
(599, '013041', 'GA DOCUMENT（日文）', 921, '雙月刊', '日文 ', '建築系', ' 11,856 ', '訂購', 2017),
(600, '013042', 'GA HOUSES（日文）', 921, '雙月刊', '日文 ', '建築系', ' 8,888 ', '訂購', 2017),
(601, '013051', 'GA JAPAN（日文）', 921, '雙月刊', '日文 ', '建築系', ' 5,616 ', '訂購', 2017),
(602, '013052', 'JA（日文）', 921, '季刊', '日文 ', '建築系', ' 5,148 ', '訂購', 2017),
(603, '013053', 'DETAIL（日文）', 921.4, '季刊', '日文 ', '建築系', ' 3,557 ', '訂購', 2017),
(604, '013061', '台灣建築', 922.932, '月刊', '中文', '建築系', ' 1,854 ', '訂購', 2017),
(605, '013062', '故宮文物月刊', 924.05, '月刊', '中文', '通識中心', ' 2,966 ', '訂購', 2017),
(606, '013063', '雕塑研究', 930.5, '半年刊', '中文', '一般性', ' 0.00 ', '贈閱', 2017),
(607, '013071', '臺灣藝聞', 940, '月刊', '中文', '一般性', ' 0.00 ', '贈閱', 2017),
(608, '013072', '書法教育', 940.5, '月刊', '中文', '一般性', ' 0.00 ', '贈閱', 2017),
(609, '013073', '南濤', 940.6, '季刊', '中文', '一般性', ' 0.00 ', '贈閱', 2017),
(610, '013081', '中華攝影', 952, '雙週刊', '中文', '建築系', ' 0.00 ', '贈閱', 2017),
(611, '013082', 'BRAIN設計誌?（日文）', 960, '月刊', '日文 ', '時尚系', ' 5,655 ', '訂購', 2017),
(612, '013091', 'PEN (日文)', 960, '半月刊', '日文', '數位系', ' 6,474 ', '訂購', 2017),
(613, '013092', '???????(日文)', 960, '雙月刊', '日文 ', '時尚系', ' 3,900 ', '訂購', 2017),
(614, '013093', 'shopping design ', 960.5, '月刊', '中文', '時尚系', ' 1,101 ', '訂購', 2017),
(615, '014011', 'lnspire意念圖誌', 962, '雙月刊', '中文', '數位系', ' 1,390 ', '訂購', 2017),
(616, '014012', 'idn', 962.05, '雙月刊', '中文', '時尚系', ' 4,039 ', '訂購', 2017),
(617, '014013', 'AXIS (日文)', 964, '雙月刊', '日文', '數位系', ' 4,056 ', '訂購', 2017),
(618, '014021', 'DFUN設計風尚誌', 964, '季刊', '中文', '時尚系', ' 741 ', '訂購', 2017),
(619, '014022', 'MdN(日文)', 964, '月刊', '日文 ', '時尚系', ' 6,825 ', '訂購', 2017),
(620, '014031', '藝術收藏+設計', 964.05, '月刊', '中文', '數位系', ' 2,039 ', '訂購', 2017),
(621, '014032', 'design設計', 964.49, '雙月刊', '中文', '建築系', ' 695 ', '訂購', 2017),
(622, '014033', '台灣室內設計', 967, '季刊', '中文', '建築系', ' 0.00 ', '贈閱', 2017),
(623, '014041', '當代設計', 967.1, '11/Y', '中文', '建築系', ' 1,869 ', '訂購', 2017),
(624, '014042', '茶道雜誌(日文)', 974.05, '月刊', '日文', '休運系', ' 3,003 ', '訂購', 2017),
(625, '014051', '世界電影', 987.9, '月刊', '中文', '通識中心', ' 1,251 ', '訂購', 2017),
(626, '014052', 'sense好感', 990, '月刊', '中文', '時尚系', ' 1,424 ', '訂購', 2017),
(627, '014053', 'DISNEY FAN   (????????) (日文)', 991.4, '月刊', '日文', '數位系', ' 4,602 ', '訂購', 2017),
(628, '014061', 'To`Go旅遊情報', 992.05, '11/Y', '中文', '觀光系', ' 1,344 ', '訂購', 2017),
(629, '014062', '旅人誌', 992.05, '月刊', '中文', '觀光系', ' 1,557 ', '訂購', 2017),
(630, '014063', '餐旅暨觀光 ＝ Journal of Hospitality and Tourism', 992.05, '季刊', '中文', '一般性', ' 0.00 ', '新贈', 2017),
(631, '014071', '觀光與休閒管理期刊', 992.2, '半年刊', '中文', '觀光遊憩系', ' 0.00 ', '贈閱', 2017),
(632, '014072', '中華登山', 992.77, '季刊', '中文', '一般性', ' 0.00 ', '贈閱', 2017),
(633, '014073', '國家公園/內政部營建署', 992.8, '季刊', '中文', '一般性', ' 0.00 ', '贈閱', 2017),
(634, '014081', '國家公園學報/內政部營建署', 992.805, '半年刊', '中文', '一般性', ' 0.00 ', '贈閱', 2017),
(635, '014082', 'Golf Classic（日文）', 993.5, '月刊', '日文 ', '休運系', ' 3,588 ', '訂購', 2017),
(636, '014083', '高爾夫文摘', 993.52, '月刊', '中文', '休運系', ' 1,483 ', '訂購', 2017),
(637, '014091', 'HOBBY JAPAN?', 999, '月刊', '中文', '數位系', ' 3,151 ', '訂購', 2017),
(638, '014092', 'MODEL ART(??????) (日文)', 999, '月刊', '日文', '數位系', ' 5,148 ', '訂購', 2017),
(639, '014093', '＆Premium (????????) (日文)', 999.9, '月刊', '日文', '數位系', ' 3,276 ', '訂購', 2017),
(640, '2016 年', '', 0, '', '', '', '', '', 2017),
(649, '', '', 0, '', '', '', '', '', 2017);
INSERT INTO `booklist` (`Id`, `Shelf_Number`, `Journal`, `Classification`, `Publication`, `Language`, `Budget`, `Money`, `Source`, `datetime`) VALUES
(650, '', '', 0, '', '', '', '', '', 2017),
(651, '空', '', 0, '', '', '', '', '', 2017),
(652, '空', '', 0, '', '', '', '', '', 2017),
(653, '', '', 0, '', '', '', '', '', 2017),
(654, '', '', 0, '', '', '', '', '', 2017),
(655, '', '', 0, '', '', '', '', '', 2017),
(656, '', '', 0, '', '', '', '', '', 2017);

--
-- 已匯出資料表的索引
--

--
-- 資料表索引 `booklist`
--
ALTER TABLE `booklist`
  ADD PRIMARY KEY (`Id`),
  ADD KEY `Shelf_Number` (`Shelf_Number`);

--
-- 在匯出的資料表使用 AUTO_INCREMENT
--

--
-- 使用資料表 AUTO_INCREMENT `booklist`
--
ALTER TABLE `booklist`
  MODIFY `Id` int(10) NOT NULL AUTO_INCREMENT, AUTO_INCREMENT=657;--
-- 資料庫： `bookname`
--
CREATE DATABASE IF NOT EXISTS `bookname` DEFAULT CHARACTER SET utf8 COLLATE utf8_unicode_ci;
USE `bookname`;

-- --------------------------------------------------------

--
-- 資料表結構 `bookname`
--

CREATE TABLE `bookname` (
  `id` int(10) NOT NULL,
  `types` varchar(10) COLLATE utf8_unicode_ci NOT NULL,
  `bookname` varchar(20) COLLATE utf8_unicode_ci NOT NULL,
  `url` varchar(1000) COLLATE utf8_unicode_ci NOT NULL,
  `datetime` year(4) NOT NULL
) ENGINE=InnoDB DEFAULT CHARSET=utf8 COLLATE=utf8_unicode_ci;

--
-- 資料表的匯出資料 `bookname`
--

INSERT INTO `bookname` (`id`, `types`, `bookname`, `url`, `datetime`) VALUES
(1, '語言學習類', 'ss', 'https://tw.yahoo.com/', 2017);

--
-- 已匯出資料表的索引
--

--
-- 資料表索引 `bookname`
--
ALTER TABLE `bookname`
  ADD PRIMARY KEY (`id`);

--
-- 在匯出的資料表使用 AUTO_INCREMENT
--

--
-- 使用資料表 AUTO_INCREMENT `bookname`
--
ALTER TABLE `bookname`
  MODIFY `id` int(10) NOT NULL AUTO_INCREMENT, AUTO_INCREMENT=2;--
-- 資料庫： `convenient`
--
CREATE DATABASE IF NOT EXISTS `convenient` DEFAULT CHARACTER SET utf8 COLLATE utf8_unicode_ci;
USE `convenient`;

-- --------------------------------------------------------

--
-- 資料表結構 `balance`
--

CREATE TABLE `balance` (
  `BalanceID` int(10) NOT NULL,
  `Balance` int(10) NOT NULL,
  `BDatetime` datetime NOT NULL,
  `MemberID` int(10) NOT NULL
) ENGINE=InnoDB DEFAULT CHARSET=utf8 COLLATE=utf8_unicode_ci;

--
-- 資料表的匯出資料 `balance`
--

INSERT INTO `balance` (`BalanceID`, `Balance`, `BDatetime`, `MemberID`) VALUES
(9, 100, '0000-00-00 00:00:00', 1),
(11, 50, '0000-00-00 00:00:00', 1),
(12, 50, '0000-00-00 00:00:00', 6);

-- --------------------------------------------------------

--
-- 資料表結構 `deposit`
--

CREATE TABLE `deposit` (
  `DepositID` int(10) NOT NULL,
  `Deposit` int(10) NOT NULL,
  `DDatetime` datetime NOT NULL,
  `MemberID` int(10) NOT NULL
) ENGINE=InnoDB DEFAULT CHARSET=utf8 COLLATE=utf8_unicode_ci;

--
-- 資料表的匯出資料 `deposit`
--

INSERT INTO `deposit` (`DepositID`, `Deposit`, `DDatetime`, `MemberID`) VALUES
(1, 100, '0000-00-00 00:00:00', 1),
(2, 20, '0000-00-00 00:00:00', 1),
(3, 3, '0000-00-00 00:00:00', 6);

-- --------------------------------------------------------

--
-- 資料表結構 `members`
--

CREATE TABLE `members` (
  `MemberID` int(10) NOT NULL,
  `MemberName` varchar(15) COLLATE utf8_unicode_ci NOT NULL,
  `MemberAccount` varchar(15) COLLATE utf8_unicode_ci NOT NULL,
  `MemberPassword` varchar(15) COLLATE utf8_unicode_ci NOT NULL,
  `MemberDatetime` datetime NOT NULL
) ENGINE=InnoDB DEFAULT CHARSET=utf8 COLLATE=utf8_unicode_ci ROW_FORMAT=COMPACT;

--
-- 資料表的匯出資料 `members`
--

INSERT INTO `members` (`MemberID`, `MemberName`, `MemberAccount`, `MemberPassword`, `MemberDatetime`) VALUES
(1, 'a', 'aa', 'aaa', '0000-00-00 00:00:00'),
(6, 'b', 'bb', '', '0000-00-00 00:00:00');

-- --------------------------------------------------------

--
-- 資料表結構 `selectmembers`
--

CREATE TABLE `selectmembers` (
  `SMID` int(10) NOT NULL,
  `SConvenient` varchar(10) COLLATE utf8_unicode_ci NOT NULL,
  `SPrice` int(10) NOT NULL,
  `SQuantity` int(10) NOT NULL,
  `STotal` int(10) NOT NULL,
  `SM` int(10) NOT NULL,
  `STodayStore` int(10) NOT NULL,
  `SDatetimes` datetime NOT NULL
) ENGINE=InnoDB DEFAULT CHARSET=utf8 COLLATE=utf8_unicode_ci;

--
-- 資料表的匯出資料 `selectmembers`
--

INSERT INTO `selectmembers` (`SMID`, `SConvenient`, `SPrice`, `SQuantity`, `STotal`, `SM`, `STodayStore`, `SDatetimes`) VALUES
(29, '雞排', 20, 0, 0, 1, 18, '0000-00-00 00:00:00'),
(31, '雞腿', 20, 0, 0, 1, 20, '0000-00-00 00:00:00'),
(32, '雞排', 20, 0, 0, 6, 21, '0000-00-00 00:00:00');

-- --------------------------------------------------------

--
-- 資料表結構 `stores`
--

CREATE TABLE `stores` (
  `StoreID` int(10) NOT NULL,
  `StoreName` varchar(10) COLLATE utf8_unicode_ci NOT NULL,
  `StroePhone` int(10) NOT NULL,
  `StroeDescription` varchar(100) COLLATE utf8_unicode_ci NOT NULL,
  `StorePic` text COLLATE utf8_unicode_ci NOT NULL,
  `StoreConvenient` varchar(10) COLLATE utf8_unicode_ci NOT NULL,
  `SCPrice` int(10) NOT NULL,
  `StoreDatetime` datetime NOT NULL
) ENGINE=InnoDB DEFAULT CHARSET=utf8 COLLATE=utf8_unicode_ci;

--
-- 資料表的匯出資料 `stores`
--

INSERT INTO `stores` (`StoreID`, `StoreName`, `StroePhone`, `StroeDescription`, `StorePic`, `StoreConvenient`, `SCPrice`, `StoreDatetime`) VALUES
(13, 'a', 0, 'aa', 'http://www.railway-bento.com.tw/wp-content/uploads/2013/10/014%E6%BB%B7%E9%A6%99%E9%9B%9E%E8%85%BF%E9%A3%AF.jpg', '雞腿', 10, '0000-00-00 00:00:00'),
(14, 'b', 1, 'bb', 'http://2.bp.blogspot.com/-cxUwl5Oz0T0/VnqsHm5gbMI/AAAAAAAAE3w/nOv5stQ5E9A/s1600/IMG_0930.jpg', '雞排', 20, '0000-00-00 00:00:00'),
(16, 'c', 2, 'cc', 'http://img.ltn.com.tw/Upload/liveNews/BigPic/600_php2eoHWE.jpg', '噁心', 30, '0000-00-00 00:00:00');

-- --------------------------------------------------------

--
-- 資料表結構 `todaymenu`
--

CREATE TABLE `todaymenu` (
  `TodayID` int(10) NOT NULL,
  `TodayStoreName` varchar(10) COLLATE utf8_unicode_ci NOT NULL,
  `TodayStorePhone` int(10) NOT NULL,
  `TodayDatetime` datetime NOT NULL
) ENGINE=InnoDB DEFAULT CHARSET=utf8 COLLATE=utf8_unicode_ci;

--
-- 資料表的匯出資料 `todaymenu`
--

INSERT INTO `todaymenu` (`TodayID`, `TodayStoreName`, `TodayStorePhone`, `TodayDatetime`) VALUES
(18, 'a', 0, '0000-00-00 00:00:00'),
(20, 'b', 1, '0000-00-00 00:00:00'),
(21, 'c', 0, '0000-00-00 00:00:00');

--
-- 已匯出資料表的索引
--

--
-- 資料表索引 `balance`
--
ALTER TABLE `balance`
  ADD PRIMARY KEY (`BalanceID`),
  ADD KEY `MemberID` (`MemberID`);

--
-- 資料表索引 `deposit`
--
ALTER TABLE `deposit`
  ADD PRIMARY KEY (`DepositID`),
  ADD KEY `MemberID_1` (`MemberID`);

--
-- 資料表索引 `members`
--
ALTER TABLE `members`
  ADD PRIMARY KEY (`MemberID`),
  ADD KEY `MemberName` (`MemberName`);

--
-- 資料表索引 `selectmembers`
--
ALTER TABLE `selectmembers`
  ADD PRIMARY KEY (`SMID`),
  ADD KEY `SM` (`SM`),
  ADD KEY `SPrice` (`SPrice`),
  ADD KEY `STodayStore` (`STodayStore`),
  ADD KEY `StoreConvenient_idx` (`SConvenient`),
  ADD KEY `SM_2` (`SM`);

--
-- 資料表索引 `stores`
--
ALTER TABLE `stores`
  ADD PRIMARY KEY (`StoreID`),
  ADD KEY `StoreName` (`StoreName`),
  ADD KEY `StroePhone` (`StroePhone`),
  ADD KEY `StoreConvenient` (`StoreConvenient`);

--
-- 資料表索引 `todaymenu`
--
ALTER TABLE `todaymenu`
  ADD PRIMARY KEY (`TodayID`),
  ADD KEY `TodayStoreName` (`TodayStoreName`),
  ADD KEY `TodayStroePhone` (`TodayStorePhone`);

--
-- 在匯出的資料表使用 AUTO_INCREMENT
--

--
-- 使用資料表 AUTO_INCREMENT `balance`
--
ALTER TABLE `balance`
  MODIFY `BalanceID` int(10) NOT NULL AUTO_INCREMENT, AUTO_INCREMENT=13;
--
-- 使用資料表 AUTO_INCREMENT `deposit`
--
ALTER TABLE `deposit`
  MODIFY `DepositID` int(10) NOT NULL AUTO_INCREMENT, AUTO_INCREMENT=4;
--
-- 使用資料表 AUTO_INCREMENT `members`
--
ALTER TABLE `members`
  MODIFY `MemberID` int(10) NOT NULL AUTO_INCREMENT, AUTO_INCREMENT=7;
--
-- 使用資料表 AUTO_INCREMENT `selectmembers`
--
ALTER TABLE `selectmembers`
  MODIFY `SMID` int(10) NOT NULL AUTO_INCREMENT, AUTO_INCREMENT=33;
--
-- 使用資料表 AUTO_INCREMENT `stores`
--
ALTER TABLE `stores`
  MODIFY `StoreID` int(10) NOT NULL AUTO_INCREMENT, AUTO_INCREMENT=17;
--
-- 使用資料表 AUTO_INCREMENT `todaymenu`
--
ALTER TABLE `todaymenu`
  MODIFY `TodayID` int(10) NOT NULL AUTO_INCREMENT, AUTO_INCREMENT=22;
--
-- 已匯出資料表的限制(Constraint)
--

--
-- 資料表的 Constraints `balance`
--
ALTER TABLE `balance`
  ADD CONSTRAINT `MemberID_2` FOREIGN KEY (`MemberID`) REFERENCES `members` (`MemberID`) ON DELETE CASCADE ON UPDATE CASCADE;

--
-- 資料表的 Constraints `deposit`
--
ALTER TABLE `deposit`
  ADD CONSTRAINT `MemberID_1` FOREIGN KEY (`MemberID`) REFERENCES `members` (`MemberID`) ON DELETE CASCADE ON UPDATE CASCADE;

--
-- 資料表的 Constraints `selectmembers`
--
ALTER TABLE `selectmembers`
  ADD CONSTRAINT `SM_2` FOREIGN KEY (`SM`) REFERENCES `members` (`MemberID`),
  ADD CONSTRAINT `STodayStore` FOREIGN KEY (`STodayStore`) REFERENCES `todaymenu` (`TodayID`) ON DELETE CASCADE ON UPDATE CASCADE;

--
-- 資料表的 Constraints `todaymenu`
--
ALTER TABLE `todaymenu`
  ADD CONSTRAINT `TodayStoreName` FOREIGN KEY (`TodayStoreName`) REFERENCES `stores` (`StoreName`) ON DELETE CASCADE ON UPDATE CASCADE,
  ADD CONSTRAINT `TodayStroePhone` FOREIGN KEY (`TodayStorePhone`) REFERENCES `stores` (`StroePhone`) ON DELETE CASCADE ON UPDATE CASCADE;
--
-- 資料庫： `count`
--
CREATE DATABASE IF NOT EXISTS `count` DEFAULT CHARACTER SET utf8 COLLATE utf8_unicode_ci;
USE `count`;

-- --------------------------------------------------------

--
-- 資料表結構 `count`
--

CREATE TABLE `count` (
  `count` int(11) NOT NULL
) ENGINE=InnoDB DEFAULT CHARSET=utf8 COLLATE=utf8_unicode_ci;

--
-- 資料表的匯出資料 `count`
--

INSERT INTO `count` (`count`) VALUES
(38);
--
-- 資料庫： `package`
--
CREATE DATABASE IF NOT EXISTS `package` DEFAULT CHARACTER SET utf8 COLLATE utf8_unicode_ci;
USE `package`;

-- --------------------------------------------------------

--
-- 資料表結構 `package`
--

CREATE TABLE `package` (
  `id` int(10) NOT NULL,
  `recipient` varchar(20) COLLATE utf8_unicode_ci NOT NULL,
  `address` varchar(20) COLLATE utf8_unicode_ci NOT NULL,
  `number` int(20) NOT NULL,
  `datetime` date NOT NULL
) ENGINE=InnoDB DEFAULT CHARSET=utf8 COLLATE=utf8_unicode_ci;

--
-- 資料表的匯出資料 `package`
--

INSERT INTO `package` (`id`, `recipient`, `address`, `number`, `datetime`) VALUES
(1, '蘇湧盛', '屏東市大洲里65號', 1234567890, '2017-02-16'),
(2, 's', 'sss', 1212, '2017-03-12');

--
-- 已匯出資料表的索引
--

--
-- 資料表索引 `package`
--
ALTER TABLE `package`
  ADD PRIMARY KEY (`id`);

--
-- 在匯出的資料表使用 AUTO_INCREMENT
--

--
-- 使用資料表 AUTO_INCREMENT `package`
--
ALTER TABLE `package`
  MODIFY `id` int(10) NOT NULL AUTO_INCREMENT, AUTO_INCREMENT=3;--
-- 資料庫： `phpmyadmin`
--
CREATE DATABASE IF NOT EXISTS `phpmyadmin` DEFAULT CHARACTER SET utf8 COLLATE utf8_bin;
USE `phpmyadmin`;

-- --------------------------------------------------------

--
-- 資料表結構 `pma__bookmark`
--

CREATE TABLE `pma__bookmark` (
  `id` int(11) NOT NULL,
  `dbase` varchar(255) COLLATE utf8_bin NOT NULL DEFAULT '',
  `user` varchar(255) COLLATE utf8_bin NOT NULL DEFAULT '',
  `label` varchar(255) CHARACTER SET utf8 NOT NULL DEFAULT '',
  `query` text COLLATE utf8_bin NOT NULL
) ENGINE=InnoDB DEFAULT CHARSET=utf8 COLLATE=utf8_bin COMMENT='Bookmarks';

-- --------------------------------------------------------

--
-- 資料表結構 `pma__central_columns`
--

CREATE TABLE `pma__central_columns` (
  `db_name` varchar(64) COLLATE utf8_bin NOT NULL,
  `col_name` varchar(64) COLLATE utf8_bin NOT NULL,
  `col_type` varchar(64) COLLATE utf8_bin NOT NULL,
  `col_length` text COLLATE utf8_bin,
  `col_collation` varchar(64) COLLATE utf8_bin NOT NULL,
  `col_isNull` tinyint(1) NOT NULL,
  `col_extra` varchar(255) COLLATE utf8_bin DEFAULT '',
  `col_default` text COLLATE utf8_bin
) ENGINE=InnoDB DEFAULT CHARSET=utf8 COLLATE=utf8_bin COMMENT='Central list of columns';

-- --------------------------------------------------------

--
-- 資料表結構 `pma__column_info`
--

CREATE TABLE `pma__column_info` (
  `id` int(5) UNSIGNED NOT NULL,
  `db_name` varchar(64) COLLATE utf8_bin NOT NULL DEFAULT '',
  `table_name` varchar(64) COLLATE utf8_bin NOT NULL DEFAULT '',
  `column_name` varchar(64) COLLATE utf8_bin NOT NULL DEFAULT '',
  `comment` varchar(255) CHARACTER SET utf8 NOT NULL DEFAULT '',
  `mimetype` varchar(255) CHARACTER SET utf8 NOT NULL DEFAULT '',
  `transformation` varchar(255) COLLATE utf8_bin NOT NULL DEFAULT '',
  `transformation_options` varchar(255) COLLATE utf8_bin NOT NULL DEFAULT '',
  `input_transformation` varchar(255) COLLATE utf8_bin NOT NULL DEFAULT '',
  `input_transformation_options` varchar(255) COLLATE utf8_bin NOT NULL DEFAULT ''
) ENGINE=InnoDB DEFAULT CHARSET=utf8 COLLATE=utf8_bin COMMENT='Column information for phpMyAdmin';

--
-- 資料表的匯出資料 `pma__column_info`
--

INSERT INTO `pma__column_info` (`id`, `db_name`, `table_name`, `column_name`, `comment`, `mimetype`, `transformation`, `transformation_options`, `input_transformation`, `input_transformation_options`) VALUES
(1, 'convenient', 'stores', 'StorePic', '', 'image_jpeg', '', '', '', '');

-- --------------------------------------------------------

--
-- 資料表結構 `pma__designer_settings`
--

CREATE TABLE `pma__designer_settings` (
  `username` varchar(64) COLLATE utf8_bin NOT NULL,
  `settings_data` text COLLATE utf8_bin NOT NULL
) ENGINE=InnoDB DEFAULT CHARSET=utf8 COLLATE=utf8_bin COMMENT='Settings related to Designer';

-- --------------------------------------------------------

--
-- 資料表結構 `pma__export_templates`
--

CREATE TABLE `pma__export_templates` (
  `id` int(5) UNSIGNED NOT NULL,
  `username` varchar(64) COLLATE utf8_bin NOT NULL,
  `export_type` varchar(10) COLLATE utf8_bin NOT NULL,
  `template_name` varchar(64) COLLATE utf8_bin NOT NULL,
  `template_data` text COLLATE utf8_bin NOT NULL
) ENGINE=InnoDB DEFAULT CHARSET=utf8 COLLATE=utf8_bin COMMENT='Saved export templates';

-- --------------------------------------------------------

--
-- 資料表結構 `pma__favorite`
--

CREATE TABLE `pma__favorite` (
  `username` varchar(64) COLLATE utf8_bin NOT NULL,
  `tables` text COLLATE utf8_bin NOT NULL
) ENGINE=InnoDB DEFAULT CHARSET=utf8 COLLATE=utf8_bin COMMENT='Favorite tables';

-- --------------------------------------------------------

--
-- 資料表結構 `pma__history`
--

CREATE TABLE `pma__history` (
  `id` bigint(20) UNSIGNED NOT NULL,
  `username` varchar(64) COLLATE utf8_bin NOT NULL DEFAULT '',
  `db` varchar(64) COLLATE utf8_bin NOT NULL DEFAULT '',
  `table` varchar(64) COLLATE utf8_bin NOT NULL DEFAULT '',
  `timevalue` timestamp NOT NULL DEFAULT CURRENT_TIMESTAMP,
  `sqlquery` text COLLATE utf8_bin NOT NULL
) ENGINE=InnoDB DEFAULT CHARSET=utf8 COLLATE=utf8_bin COMMENT='SQL history for phpMyAdmin';

-- --------------------------------------------------------

--
-- 資料表結構 `pma__navigationhiding`
--

CREATE TABLE `pma__navigationhiding` (
  `username` varchar(64) COLLATE utf8_bin NOT NULL,
  `item_name` varchar(64) COLLATE utf8_bin NOT NULL,
  `item_type` varchar(64) COLLATE utf8_bin NOT NULL,
  `db_name` varchar(64) COLLATE utf8_bin NOT NULL,
  `table_name` varchar(64) COLLATE utf8_bin NOT NULL
) ENGINE=InnoDB DEFAULT CHARSET=utf8 COLLATE=utf8_bin COMMENT='Hidden items of navigation tree';

-- --------------------------------------------------------

--
-- 資料表結構 `pma__pdf_pages`
--

CREATE TABLE `pma__pdf_pages` (
  `db_name` varchar(64) COLLATE utf8_bin NOT NULL DEFAULT '',
  `page_nr` int(10) UNSIGNED NOT NULL,
  `page_descr` varchar(50) CHARACTER SET utf8 NOT NULL DEFAULT ''
) ENGINE=InnoDB DEFAULT CHARSET=utf8 COLLATE=utf8_bin COMMENT='PDF relation pages for phpMyAdmin';

-- --------------------------------------------------------

--
-- 資料表結構 `pma__recent`
--

CREATE TABLE `pma__recent` (
  `username` varchar(64) COLLATE utf8_bin NOT NULL,
  `tables` text COLLATE utf8_bin NOT NULL
) ENGINE=InnoDB DEFAULT CHARSET=utf8 COLLATE=utf8_bin COMMENT='Recently accessed tables';

--
-- 資料表的匯出資料 `pma__recent`
--

INSERT INTO `pma__recent` (`username`, `tables`) VALUES
('root', '[{"db":"convenient","table":"balance"},{"db":"convenient","table":"selectmembers"},{"db":"convenient","table":"members"},{"db":"convenient","table":"todaymenu"},{"db":"convenient","table":"stores"},{"db":"convenient","table":"deposit"},{"db":"a","table":"affiliation"},{"db":"Analysis","table":"Patients"},{"db":"Analysis","table":"Doctor"},{"db":"Analysis","table":"Department"}]');

-- --------------------------------------------------------

--
-- 資料表結構 `pma__relation`
--

CREATE TABLE `pma__relation` (
  `master_db` varchar(64) COLLATE utf8_bin NOT NULL DEFAULT '',
  `master_table` varchar(64) COLLATE utf8_bin NOT NULL DEFAULT '',
  `master_field` varchar(64) COLLATE utf8_bin NOT NULL DEFAULT '',
  `foreign_db` varchar(64) COLLATE utf8_bin NOT NULL DEFAULT '',
  `foreign_table` varchar(64) COLLATE utf8_bin NOT NULL DEFAULT '',
  `foreign_field` varchar(64) COLLATE utf8_bin NOT NULL DEFAULT ''
) ENGINE=InnoDB DEFAULT CHARSET=utf8 COLLATE=utf8_bin COMMENT='Relation table';

--
-- 資料表的匯出資料 `pma__relation`
--

INSERT INTO `pma__relation` (`master_db`, `master_table`, `master_field`, `foreign_db`, `foreign_table`, `foreign_field`) VALUES
('tests', 'a', 'id', 'tests', 'b', 'id'),
('tests', 'a', 'name', 'tests', 'b', 'b'),
('tests', 'b', 'b', 'tests', 'a', 'name'),
('tests', 'b', 'id', 'tests', 'a', 'id');

-- --------------------------------------------------------

--
-- 資料表結構 `pma__savedsearches`
--

CREATE TABLE `pma__savedsearches` (
  `id` int(5) UNSIGNED NOT NULL,
  `username` varchar(64) COLLATE utf8_bin NOT NULL DEFAULT '',
  `db_name` varchar(64) COLLATE utf8_bin NOT NULL DEFAULT '',
  `search_name` varchar(64) COLLATE utf8_bin NOT NULL DEFAULT '',
  `search_data` text COLLATE utf8_bin NOT NULL
) ENGINE=InnoDB DEFAULT CHARSET=utf8 COLLATE=utf8_bin COMMENT='Saved searches';

-- --------------------------------------------------------

--
-- 資料表結構 `pma__table_coords`
--

CREATE TABLE `pma__table_coords` (
  `db_name` varchar(64) COLLATE utf8_bin NOT NULL DEFAULT '',
  `table_name` varchar(64) COLLATE utf8_bin NOT NULL DEFAULT '',
  `pdf_page_number` int(11) NOT NULL DEFAULT '0',
  `x` float UNSIGNED NOT NULL DEFAULT '0',
  `y` float UNSIGNED NOT NULL DEFAULT '0'
) ENGINE=InnoDB DEFAULT CHARSET=utf8 COLLATE=utf8_bin COMMENT='Table coordinates for phpMyAdmin PDF output';

-- --------------------------------------------------------

--
-- 資料表結構 `pma__table_info`
--

CREATE TABLE `pma__table_info` (
  `db_name` varchar(64) COLLATE utf8_bin NOT NULL DEFAULT '',
  `table_name` varchar(64) COLLATE utf8_bin NOT NULL DEFAULT '',
  `display_field` varchar(64) COLLATE utf8_bin NOT NULL DEFAULT ''
) ENGINE=InnoDB DEFAULT CHARSET=utf8 COLLATE=utf8_bin COMMENT='Table information for phpMyAdmin';

-- --------------------------------------------------------

--
-- 資料表結構 `pma__table_uiprefs`
--

CREATE TABLE `pma__table_uiprefs` (
  `username` varchar(64) COLLATE utf8_bin NOT NULL,
  `db_name` varchar(64) COLLATE utf8_bin NOT NULL,
  `table_name` varchar(64) COLLATE utf8_bin NOT NULL,
  `prefs` text COLLATE utf8_bin NOT NULL,
  `last_update` timestamp NOT NULL DEFAULT CURRENT_TIMESTAMP ON UPDATE CURRENT_TIMESTAMP
) ENGINE=InnoDB DEFAULT CHARSET=utf8 COLLATE=utf8_bin COMMENT='Tables'' UI preferences';

-- --------------------------------------------------------

--
-- 資料表結構 `pma__tracking`
--

CREATE TABLE `pma__tracking` (
  `db_name` varchar(64) COLLATE utf8_bin NOT NULL,
  `table_name` varchar(64) COLLATE utf8_bin NOT NULL,
  `version` int(10) UNSIGNED NOT NULL,
  `date_created` datetime NOT NULL,
  `date_updated` datetime NOT NULL,
  `schema_snapshot` text COLLATE utf8_bin NOT NULL,
  `schema_sql` text COLLATE utf8_bin,
  `data_sql` longtext COLLATE utf8_bin,
  `tracking` set('UPDATE','REPLACE','INSERT','DELETE','TRUNCATE','CREATE DATABASE','ALTER DATABASE','DROP DATABASE','CREATE TABLE','ALTER TABLE','RENAME TABLE','DROP TABLE','CREATE INDEX','DROP INDEX','CREATE VIEW','ALTER VIEW','DROP VIEW') COLLATE utf8_bin DEFAULT NULL,
  `tracking_active` int(1) UNSIGNED NOT NULL DEFAULT '1'
) ENGINE=InnoDB DEFAULT CHARSET=utf8 COLLATE=utf8_bin COMMENT='Database changes tracking for phpMyAdmin';

-- --------------------------------------------------------

--
-- 資料表結構 `pma__userconfig`
--

CREATE TABLE `pma__userconfig` (
  `username` varchar(64) COLLATE utf8_bin NOT NULL,
  `timevalue` timestamp NOT NULL DEFAULT CURRENT_TIMESTAMP ON UPDATE CURRENT_TIMESTAMP,
  `config_data` text COLLATE utf8_bin NOT NULL
) ENGINE=InnoDB DEFAULT CHARSET=utf8 COLLATE=utf8_bin COMMENT='User preferences storage for phpMyAdmin';

--
-- 資料表的匯出資料 `pma__userconfig`
--

INSERT INTO `pma__userconfig` (`username`, `timevalue`, `config_data`) VALUES
('root', '2017-01-09 08:49:03', '{"lang":"zh_TW","collation_connection":"utf8mb4_unicode_ci"}');

-- --------------------------------------------------------

--
-- 資料表結構 `pma__usergroups`
--

CREATE TABLE `pma__usergroups` (
  `usergroup` varchar(64) COLLATE utf8_bin NOT NULL,
  `tab` varchar(64) COLLATE utf8_bin NOT NULL,
  `allowed` enum('Y','N') COLLATE utf8_bin NOT NULL DEFAULT 'N'
) ENGINE=InnoDB DEFAULT CHARSET=utf8 COLLATE=utf8_bin COMMENT='User groups with configured menu items';

-- --------------------------------------------------------

--
-- 資料表結構 `pma__users`
--

CREATE TABLE `pma__users` (
  `username` varchar(64) COLLATE utf8_bin NOT NULL,
  `usergroup` varchar(64) COLLATE utf8_bin NOT NULL
) ENGINE=InnoDB DEFAULT CHARSET=utf8 COLLATE=utf8_bin COMMENT='Users and their assignments to user groups';

--
-- 已匯出資料表的索引
--

--
-- 資料表索引 `pma__bookmark`
--
ALTER TABLE `pma__bookmark`
  ADD PRIMARY KEY (`id`);

--
-- 資料表索引 `pma__central_columns`
--
ALTER TABLE `pma__central_columns`
  ADD PRIMARY KEY (`db_name`,`col_name`);

--
-- 資料表索引 `pma__column_info`
--
ALTER TABLE `pma__column_info`
  ADD PRIMARY KEY (`id`),
  ADD UNIQUE KEY `db_name` (`db_name`,`table_name`,`column_name`);

--
-- 資料表索引 `pma__designer_settings`
--
ALTER TABLE `pma__designer_settings`
  ADD PRIMARY KEY (`username`);

--
-- 資料表索引 `pma__export_templates`
--
ALTER TABLE `pma__export_templates`
  ADD PRIMARY KEY (`id`),
  ADD UNIQUE KEY `u_user_type_template` (`username`,`export_type`,`template_name`);

--
-- 資料表索引 `pma__favorite`
--
ALTER TABLE `pma__favorite`
  ADD PRIMARY KEY (`username`);

--
-- 資料表索引 `pma__history`
--
ALTER TABLE `pma__history`
  ADD PRIMARY KEY (`id`),
  ADD KEY `username` (`username`,`db`,`table`,`timevalue`);

--
-- 資料表索引 `pma__navigationhiding`
--
ALTER TABLE `pma__navigationhiding`
  ADD PRIMARY KEY (`username`,`item_name`,`item_type`,`db_name`,`table_name`);

--
-- 資料表索引 `pma__pdf_pages`
--
ALTER TABLE `pma__pdf_pages`
  ADD PRIMARY KEY (`page_nr`),
  ADD KEY `db_name` (`db_name`);

--
-- 資料表索引 `pma__recent`
--
ALTER TABLE `pma__recent`
  ADD PRIMARY KEY (`username`);

--
-- 資料表索引 `pma__relation`
--
ALTER TABLE `pma__relation`
  ADD PRIMARY KEY (`master_db`,`master_table`,`master_field`),
  ADD KEY `foreign_field` (`foreign_db`,`foreign_table`);

--
-- 資料表索引 `pma__savedsearches`
--
ALTER TABLE `pma__savedsearches`
  ADD PRIMARY KEY (`id`),
  ADD UNIQUE KEY `u_savedsearches_username_dbname` (`username`,`db_name`,`search_name`);

--
-- 資料表索引 `pma__table_coords`
--
ALTER TABLE `pma__table_coords`
  ADD PRIMARY KEY (`db_name`,`table_name`,`pdf_page_number`);

--
-- 資料表索引 `pma__table_info`
--
ALTER TABLE `pma__table_info`
  ADD PRIMARY KEY (`db_name`,`table_name`);

--
-- 資料表索引 `pma__table_uiprefs`
--
ALTER TABLE `pma__table_uiprefs`
  ADD PRIMARY KEY (`username`,`db_name`,`table_name`);

--
-- 資料表索引 `pma__tracking`
--
ALTER TABLE `pma__tracking`
  ADD PRIMARY KEY (`db_name`,`table_name`,`version`);

--
-- 資料表索引 `pma__userconfig`
--
ALTER TABLE `pma__userconfig`
  ADD PRIMARY KEY (`username`);

--
-- 資料表索引 `pma__usergroups`
--
ALTER TABLE `pma__usergroups`
  ADD PRIMARY KEY (`usergroup`,`tab`,`allowed`);

--
-- 資料表索引 `pma__users`
--
ALTER TABLE `pma__users`
  ADD PRIMARY KEY (`username`,`usergroup`);

--
-- 在匯出的資料表使用 AUTO_INCREMENT
--

--
-- 使用資料表 AUTO_INCREMENT `pma__bookmark`
--
ALTER TABLE `pma__bookmark`
  MODIFY `id` int(11) NOT NULL AUTO_INCREMENT;
--
-- 使用資料表 AUTO_INCREMENT `pma__column_info`
--
ALTER TABLE `pma__column_info`
  MODIFY `id` int(5) UNSIGNED NOT NULL AUTO_INCREMENT, AUTO_INCREMENT=2;
--
-- 使用資料表 AUTO_INCREMENT `pma__export_templates`
--
ALTER TABLE `pma__export_templates`
  MODIFY `id` int(5) UNSIGNED NOT NULL AUTO_INCREMENT;
--
-- 使用資料表 AUTO_INCREMENT `pma__history`
--
ALTER TABLE `pma__history`
  MODIFY `id` bigint(20) UNSIGNED NOT NULL AUTO_INCREMENT;
--
-- 使用資料表 AUTO_INCREMENT `pma__pdf_pages`
--
ALTER TABLE `pma__pdf_pages`
  MODIFY `page_nr` int(10) UNSIGNED NOT NULL AUTO_INCREMENT;
--
-- 使用資料表 AUTO_INCREMENT `pma__savedsearches`
--
ALTER TABLE `pma__savedsearches`
  MODIFY `id` int(5) UNSIGNED NOT NULL AUTO_INCREMENT;--
-- 資料庫： `project`
--
CREATE DATABASE IF NOT EXISTS `project` DEFAULT CHARACTER SET utf8 COLLATE utf8_unicode_ci;
USE `project`;

-- --------------------------------------------------------

--
-- 資料表結構 `about`
--

CREATE TABLE `about` (
  `about` varchar(1000) COLLATE utf8_unicode_ci NOT NULL,
  `datetime` datetime NOT NULL
) ENGINE=InnoDB DEFAULT CHARSET=utf8 COLLATE=utf8_unicode_ci;

--
-- 資料表的匯出資料 `about`
--

INSERT INTO `about` (`about`, `datetime`) VALUES
('高雄市位於臺灣西南部東經120.15度、北緯22.31度，面積為153.6029平方公里，是臺灣第二大都市，也是台灣人口密度最高與重工業最發達的都市；而位於臺灣西南部東經120.24度、北緯22.3度，面積2792.6744平方公里的高雄縣，北鄰南投縣、東鄰嘉義縣和台南市、南鄰屏東縣、東鄰花蓮縣和台東縣，為臺灣第四大都市，在2010年12月25日五都改制後與高雄市合併，並與台北市、新北市(原台北縣)、台中市、台南市並列臺灣五大直轄市。合併後的高雄市行政區域劃分除原有的楠梓區、左營區、鼓山區、三民區、苓雅區、新興區、前金區、鹽埕區、小港區、旗津區、前鎮區之外，另新增鳳山區、岡山區、旗山區、美濃區、大寮區、茄萣區、永安區、大園區、大社區、杉林區、仁武區、田寮區、燕巢區、路竹區、阿蓮區、甲仙區、大樹區、湖內區、桃源區、鳥松區、彌陀區、那瑪夏區(原三民鄉)、梓官區、內門區、茂林區、橋頭區、六龜區、林園區等共39個行政區，為五都中最多行政區的直轄市。', '2016-10-18 02:01:04'),
('ssssss', '2016-10-18 19:47:45'),
('高雄市位於臺灣西南部東經120.15度、北緯22.31度，面積為153.6029平方公里', '2016-11-21 15:10:56'),
('高雄市是中華民國的直轄市，位於臺灣本島西南部的都市，由原高雄直轄市與原高雄縣於2010年12月25日合併而來。其轄域東北至中央山脈以及玉山主峰，西南至南海上之南沙太平島、中洲島，以及東沙群島。順時針方向與臺南市、嘉義縣、南投縣、花蓮縣、臺東縣、屏東縣等縣市相鄰。面積達2,952平方公里；戶籍人口約278萬人，為台灣重要的商港及軍港乃至重工業中心。', '2016-12-05 04:37:48');

-- --------------------------------------------------------

--
-- 資料表結構 `area`
--

CREATE TABLE `area` (
  `id` int(11) NOT NULL,
  `placename` char(100) COLLATE utf8_unicode_ci NOT NULL,
  `viewpoint` char(10) COLLATE utf8_unicode_ci NOT NULL,
  `pic` varchar(100) COLLATE utf8_unicode_ci NOT NULL,
  `posted` char(10) COLLATE utf8_unicode_ci NOT NULL,
  `message` varchar(500) COLLATE utf8_unicode_ci NOT NULL,
  `reply` varchar(500) COLLATE utf8_unicode_ci NOT NULL,
  `email` varchar(36) COLLATE utf8_unicode_ci NOT NULL,
  `site` varchar(100) COLLATE utf8_unicode_ci NOT NULL,
  `WebSite` varchar(200) COLLATE utf8_unicode_ci NOT NULL,
  `datetimes` datetime NOT NULL,
  `replydatetime` datetime NOT NULL
) ENGINE=InnoDB DEFAULT CHARSET=utf8 COLLATE=utf8_unicode_ci;

--
-- 資料表的匯出資料 `area`
--

INSERT INTO `area` (`id`, `placename`, `viewpoint`, `pic`, `posted`, `message`, `reply`, `email`, `site`, `WebSite`, `datetimes`, `replydatetime`) VALUES
(2, '苓雅區', '85大樓', 'bc/view/place/images/1.jpg', '蘇湧盛', '這地方好漂亮~', '你喜歡就好', 'd7339803@gmail.com', '', '../../../../project/area.php?id=39&viewpoint=85大樓&place_name=苓雅區', '2016-12-05 02:01:16', '2016-12-05 04:56:58'),
(3, '鳥松區', '澄清湖', 'bc/view/place/images/7.jpg', '蘇湧盛', 'sss', '', 'd7339803@gmail.com', '', '../../../../project/area.php?id=40&viewpoint=澄清湖&place_name=鳥松區', '2016-12-07 10:00:01', '0000-00-00 00:00:00');

-- --------------------------------------------------------

--
-- 資料表結構 `carousel`
--

CREATE TABLE `carousel` (
  `id` char(100) CHARACTER SET latin1 NOT NULL,
  `place` char(10) COLLATE utf8_unicode_ci NOT NULL,
  `name` char(100) COLLATE utf8_unicode_ci NOT NULL,
  `path` char(100) COLLATE utf8_unicode_ci NOT NULL,
  `datetime` datetime NOT NULL
) ENGINE=InnoDB DEFAULT CHARSET=utf8 COLLATE=utf8_unicode_ci;

--
-- 資料表的匯出資料 `carousel`
--

INSERT INTO `carousel` (`id`, `place`, `name`, `path`, `datetime`) VALUES
('0', '85大樓夜景', '9.jpg', 'about/carousel/images/', '2017-04-20 09:33:15'),
('1', '高雄圖書總館', '6.jpg', 'about/carousel/images/', '2016-11-21 15:11:55'),
('2', '蓮池潭', '2.jpg', 'about/carousel/images/', '2016-11-21 15:12:05'),
('3', '美麗島', '3.jpg', 'about/carousel/images/', '2016-11-21 15:12:10'),
('4', '愛河', '4.jpg', 'about/carousel/images/', '2016-11-21 15:12:17'),
('5', '真愛碼頭', '5.jpg', 'about/carousel/images/', '2016-11-21 15:12:27');

-- --------------------------------------------------------

--
-- 資料表結構 `favorite`
--

CREATE TABLE `favorite` (
  `Account` varchar(100) COLLATE utf8_unicode_ci NOT NULL,
  `place` varchar(100) COLLATE utf8_unicode_ci NOT NULL,
  `PicName` varchar(100) COLLATE utf8_unicode_ci NOT NULL,
  `PicPath` varchar(100) COLLATE utf8_unicode_ci NOT NULL,
  `WebSite` varchar(100) COLLATE utf8_unicode_ci NOT NULL,
  `Datetime` datetime NOT NULL
) ENGINE=InnoDB DEFAULT CHARSET=utf8 COLLATE=utf8_unicode_ci;

--
-- 資料表的匯出資料 `favorite`
--

INSERT INTO `favorite` (`Account`, `place`, `PicName`, `PicPath`, `WebSite`, `Datetime`) VALUES
('d7339803', '85大樓', '1.jpg', 'bc/index/top6/images/', '/project/index.php', '2016-12-08 09:33:52'),
('d7339803', '蓮池潭', '2.jpg', 'bc/index/top6/images/', '/project/index.php', '2016-12-08 09:35:58'),
('d7339803', '澄清湖', '7.jpg', 'bc/view/view/images/', '/project/view.php', '2016-12-08 10:46:19');

-- --------------------------------------------------------

--
-- 資料表結構 `forum`
--

CREATE TABLE `forum` (
  `id` int(100) NOT NULL,
  `theme` char(10) COLLATE utf8_unicode_ci NOT NULL,
  `posted` varchar(36) COLLATE utf8_unicode_ci NOT NULL,
  `email` varchar(100) COLLATE utf8_unicode_ci NOT NULL,
  `message` varchar(1000) COLLATE utf8_unicode_ci NOT NULL,
  `reply` varchar(10) COLLATE utf8_unicode_ci NOT NULL,
  `datetime` datetime NOT NULL
) ENGINE=InnoDB DEFAULT CHARSET=utf8 COLLATE=utf8_unicode_ci;

--
-- 資料表的匯出資料 `forum`
--

INSERT INTO `forum` (`id`, `theme`, `posted`, `email`, `message`, `reply`, `datetime`) VALUES
(4, '網站', '蘇湧盛', 'd7339803@gmail.com', '網站很讚哦~', '謝謝', '2016-12-05 04:56:20');

-- --------------------------------------------------------

--
-- 資料表結構 `member`
--

CREATE TABLE `member` (
  `id` int(11) NOT NULL,
  `account` varchar(20) COLLATE utf8_unicode_ci NOT NULL,
  `password` varchar(100) COLLATE utf8_unicode_ci NOT NULL,
  `email` varchar(36) COLLATE utf8_unicode_ci NOT NULL,
  `name` varchar(10) COLLATE utf8_unicode_ci NOT NULL,
  `level` enum('admin','member','','') COLLATE utf8_unicode_ci NOT NULL DEFAULT 'member',
  `datetime` datetime NOT NULL,
  `jointime` datetime NOT NULL
) ENGINE=InnoDB DEFAULT CHARSET=utf8 COLLATE=utf8_unicode_ci;

--
-- 資料表的匯出資料 `member`
--

INSERT INTO `member` (`id`, `account`, `password`, `email`, `name`, `level`, `datetime`, `jointime`) VALUES
(0, 'admin', 'admin', '', '', 'admin', '0000-00-00 00:00:00', '0000-00-00 00:00:00'),
(0, 'd7339803', 'D7339803', 'd7339803@gmail.com', '蘇湧盛', 'member', '2016-11-28 16:21:03', '0000-00-00 00:00:00'),
(0, 'ssss', 'sssss', 'sss@f.com', 'ssss', 'member', '2017-02-21 17:51:08', '0000-00-00 00:00:00');

-- --------------------------------------------------------

--
-- 資料表結構 `place`
--

CREATE TABLE `place` (
  `id` int(11) NOT NULL,
  `place` char(10) COLLATE utf8_unicode_ci NOT NULL,
  `Introduction` varchar(1000) COLLATE utf8_unicode_ci NOT NULL,
  `name` char(100) COLLATE utf8_unicode_ci NOT NULL,
  `path` char(100) COLLATE utf8_unicode_ci NOT NULL,
  `datetime` datetime NOT NULL
) ENGINE=InnoDB DEFAULT CHARSET=utf8 COLLATE=utf8_unicode_ci;

--
-- 資料表的匯出資料 `place`
--

INSERT INTO `place` (`id`, `place`, `Introduction`, `name`, `path`, `datetime`) VALUES
(38, '苓雅區', '苓雅區為臺灣高雄市一市轄區，位於市內西南部，市中心中部，北臨三民區，西北連新興區、前金區，西隔愛河與鹽埕區、鼓山區為界，南接前鎮區，東鄰鳳山區，是高雄市政府四維行政中心的所在地。', '1.jpg', 'about/place/images/', '2016-11-21 17:05:03'),
(39, '鳥松區', '鳥松濕地公園位於澄清湖風景區門口東側，原本是自來水公司澄清湖淨水場的沉沙地，於1999年動工、2000年完工成為台灣第一座以人工濕地為主題的自然生態公園；鳥松濕地公園佔地約為3公頃，陸地和水路面積各占三分之一和三分之二，豐富的地形地貌孕育出許多種植物，包含約90種鳥類、250種以上的昆蟲和340種以上的植物，加上鄰近澄清湖因此是高雄是相當不錯的戶外教學和自然觀察的好場所，目前鳥松濕地公園社團法人高雄市野鳥學會所認養。', '7.jpg', 'about/place/images/', '2016-11-28 02:48:29'),
(40, 'TEST', 'TEST', '', 'about/place/images/', '2016-12-08 14:06:07');

-- --------------------------------------------------------

--
-- 資料表結構 `places`
--

CREATE TABLE `places` (
  `id` int(11) NOT NULL,
  `place` char(10) COLLATE utf8_unicode_ci NOT NULL,
  `viewpoint` char(100) COLLATE utf8_unicode_ci NOT NULL,
  `attractions` varchar(1000) COLLATE utf8_unicode_ci NOT NULL,
  `arrival` varchar(1000) COLLATE utf8_unicode_ci NOT NULL,
  `name` char(100) COLLATE utf8_unicode_ci NOT NULL,
  `path` char(100) COLLATE utf8_unicode_ci NOT NULL,
  `datetime` datetime NOT NULL
) ENGINE=InnoDB DEFAULT CHARSET=utf8 COLLATE=utf8_unicode_ci;

--
-- 資料表的匯出資料 `places`
--

INSERT INTO `places` (`id`, `place`, `viewpoint`, `attractions`, `arrival`, `name`, `path`, `datetime`) VALUES
(39, '苓雅區', '85大樓', '高雄85大樓位於高雄市苓雅區東側為自強路，南側為新光路，北側為三多路，西邊只隔半條街與成功路相毗鄰，與高雄港、高雄市小港機場、高雄市火車站和新光碼頭距離相近，又稱東帝士85國際廣場或東帝士建臺大樓，於西元1997年完工、由建築師李祖原設計，是南台灣最高的摩天大樓、全台灣第2高樓，目前是世界第13高的摩天大樓。', '★ 搭乘大眾運輸：1、捷運：(1)、搭乘捷運紅線至R8三多商圈站，出2號出口往新光路方向步行約8分鐘即可抵達。', '9.jpg', 'view/place/images/', '2017-04-20 09:34:07'),
(40, '鳥松區', '澄清湖', '鳥松濕地公園位於澄清湖風景區門口東側，原本是自來水公司澄清湖淨水場的沉沙地，於1999年動工、2000年完工成為台灣第一座以人工濕地為主題的自然生態公園；鳥松濕地公園佔地約為3公頃，陸地和水路面積各占三分之一和三分之二，豐富的地形地貌孕育出許多種植物，包含約90種鳥類、250種以上的昆蟲和340種以上的植物，加上鄰近澄清湖因此是高雄是相當不錯的戶外教學和自然觀察的好場所，目前鳥松濕地公園社團法人高雄市野鳥學會所認養。', '自行開車：\n\n高雄交流道下，大順路轉右，左轉澄清路，即可抵達澄清湖。', '7.jpg', 'view/place/images/', '2016-12-07 13:56:11'),
(45, '苓雅區', 's', 's', 's', '', '', '2016-12-10 04:22:57');

-- --------------------------------------------------------

--
-- 資料表結構 `slider`
--

CREATE TABLE `slider` (
  `id` char(100) CHARACTER SET latin1 NOT NULL,
  `name` char(100) COLLATE utf8_unicode_ci NOT NULL,
  `path` char(100) COLLATE utf8_unicode_ci NOT NULL,
  `datetime` datetime NOT NULL
) ENGINE=InnoDB DEFAULT CHARSET=utf8 COLLATE=utf8_unicode_ci;

--
-- 資料表的匯出資料 `slider`
--

INSERT INTO `slider` (`id`, `name`, `path`, `datetime`) VALUES
('0', '1.jpg', 'index/slider/images/', '2016-11-21 15:02:05'),
('1', '2.jpg', 'index/slider/images/', '2016-11-21 15:02:05'),
('2', '3.jpg', 'index/slider/images/', '2016-11-21 15:02:05'),
('3', '4.jpg', 'index/slider/images/', '2016-11-21 15:02:05'),
('4', '5.jpg', 'index/slider/images/', '2016-11-21 15:02:05'),
('5', '6.jpg', 'index/slider/images/', '2016-11-21 15:01:36');

-- --------------------------------------------------------

--
-- 資料表結構 `top`
--

CREATE TABLE `top` (
  `id` char(100) CHARACTER SET latin1 NOT NULL,
  `place` char(10) COLLATE utf8_unicode_ci NOT NULL,
  `name` char(100) COLLATE utf8_unicode_ci NOT NULL,
  `path` char(100) COLLATE utf8_unicode_ci NOT NULL,
  `datetime` datetime NOT NULL
) ENGINE=InnoDB DEFAULT CHARSET=utf8 COLLATE=utf8_unicode_ci;

--
-- 資料表的匯出資料 `top`
--

INSERT INTO `top` (`id`, `place`, `name`, `path`, `datetime`) VALUES
('0', '85大樓', '3.jpg', 'index/top6/images/', '2017-04-20 09:31:07'),
('1', '', '3.jpg', 'index/top6/images/', '2017-04-20 09:30:32'),
('2', '美麗島站', '3.jpg', 'index/top6/images/', '2016-12-01 14:44:43'),
('3', '愛河', '4.jpg', 'index/top6/images/', '2016-12-01 14:44:50'),
('4', '真愛碼頭', '5.jpg', 'index/top6/images/', '2016-12-01 14:45:00'),
('5', '圖書總館', '6.jpg', 'index/top6/images/', '2016-12-01 14:45:09');

-- --------------------------------------------------------

--
-- 資料表結構 `view`
--

CREATE TABLE `view` (
  `id` int(11) NOT NULL,
  `viewpoint` varchar(20) COLLATE utf8_unicode_ci NOT NULL,
  `picname` char(100) COLLATE utf8_unicode_ci NOT NULL,
  `path` char(100) COLLATE utf8_unicode_ci NOT NULL,
  `datetime` datetime NOT NULL
) ENGINE=InnoDB DEFAULT CHARSET=utf8 COLLATE=utf8_unicode_ci;

--
-- 資料表的匯出資料 `view`
--

INSERT INTO `view` (`id`, `viewpoint`, `picname`, `path`, `datetime`) VALUES
(0, '高雄85大樓', '1.jpg', 'view/view/images/', '2016-11-25 14:26:00'),
(1, '高雄蓮池潭', '2.jpg', 'view/view/images/', '2016-11-24 09:58:47'),
(2, '美麗島', '3.jpg', 'view/view/images/', '2016-11-25 14:26:09'),
(3, '高雄愛河', '4.jpg', 'view/view/images/', '2016-11-25 14:26:17'),
(4, '真愛碼頭', '5.jpg', 'view/view/images/', '2016-11-25 14:26:36'),
(5, '高雄圖書總館', '6.jpg', 'view/view/images/', '2016-11-25 14:26:45'),
(6, '澄清湖', '7.jpg', 'view/view/images/', '2016-11-22 16:30:23'),
(7, '彩虹', '27859814170_d4edc0685c_b.jpg', 'view/view/images/', '2016-12-05 01:59:13'),
(8, '駁二', '09.jpg', 'view/view/images/', '2016-12-05 02:00:05');

--
-- 已匯出資料表的索引
--

--
-- 資料表索引 `area`
--
ALTER TABLE `area`
  ADD PRIMARY KEY (`id`);

--
-- 資料表索引 `carousel`
--
ALTER TABLE `carousel`
  ADD PRIMARY KEY (`id`);

--
-- 資料表索引 `forum`
--
ALTER TABLE `forum`
  ADD PRIMARY KEY (`id`);

--
-- 資料表索引 `place`
--
ALTER TABLE `place`
  ADD PRIMARY KEY (`id`);

--
-- 資料表索引 `places`
--
ALTER TABLE `places`
  ADD PRIMARY KEY (`id`);

--
-- 資料表索引 `slider`
--
ALTER TABLE `slider`
  ADD PRIMARY KEY (`id`);

--
-- 資料表索引 `top`
--
ALTER TABLE `top`
  ADD PRIMARY KEY (`id`);

--
-- 在匯出的資料表使用 AUTO_INCREMENT
--

--
-- 使用資料表 AUTO_INCREMENT `area`
--
ALTER TABLE `area`
  MODIFY `id` int(11) NOT NULL AUTO_INCREMENT, AUTO_INCREMENT=4;
--
-- 使用資料表 AUTO_INCREMENT `forum`
--
ALTER TABLE `forum`
  MODIFY `id` int(100) NOT NULL AUTO_INCREMENT, AUTO_INCREMENT=5;
--
-- 使用資料表 AUTO_INCREMENT `place`
--
ALTER TABLE `place`
  MODIFY `id` int(11) NOT NULL AUTO_INCREMENT, AUTO_INCREMENT=41;
--
-- 使用資料表 AUTO_INCREMENT `places`
--
ALTER TABLE `places`
  MODIFY `id` int(11) NOT NULL AUTO_INCREMENT, AUTO_INCREMENT=46;--
-- 資料庫： `test`
--
CREATE DATABASE IF NOT EXISTS `test` DEFAULT CHARACTER SET latin1 COLLATE latin1_swedish_ci;
USE `test`;

DELIMITER $$
--
-- Procedure
--
CREATE DEFINER=`` PROCEDURE `AddGeometryColumn` (`catalog` VARCHAR(64), `t_schema` VARCHAR(64), `t_name` VARCHAR(64), `geometry_column` VARCHAR(64), `t_srid` INT)  begin
  set @qwe= concat('ALTER TABLE ', t_schema, '.', t_name, ' ADD ', geometry_column,' GEOMETRY REF_SYSTEM_ID=', t_srid); PREPARE ls from @qwe; execute ls; deallocate prepare ls; end$$

CREATE DEFINER=`` PROCEDURE `DropGeometryColumn` (`catalog` VARCHAR(64), `t_schema` VARCHAR(64), `t_name` VARCHAR(64), `geometry_column` VARCHAR(64))  begin
  set @qwe= concat('ALTER TABLE ', t_schema, '.', t_name, ' DROP ', geometry_column); PREPARE ls from @qwe; execute ls; deallocate prepare ls; end$$

DELIMITER ;
--
-- 資料庫： `tests`
--
CREATE DATABASE IF NOT EXISTS `tests` DEFAULT CHARACTER SET utf8 COLLATE utf8_general_ci;
USE `tests`;

-- --------------------------------------------------------

--
-- 資料表結構 `a`
--

CREATE TABLE `a` (
  `id` int(10) NOT NULL,
  `name` varchar(10) CHARACTER SET utf8 COLLATE utf8_unicode_ci NOT NULL,
  `email` varchar(20) CHARACTER SET utf8 COLLATE utf8_unicode_ci NOT NULL
) ENGINE=InnoDB DEFAULT CHARSET=utf8;

--
-- 資料表的匯出資料 `a`
--

INSERT INTO `a` (`id`, `name`, `email`) VALUES
(1, 'dscw', 'd7339803@gmail.com'),
(2, 'dd', 'd7339803@yahoo.com.t'),
(3, 'a', ''),
(4, 'b', ''),
(5, 'c', '');

-- --------------------------------------------------------

--
-- 資料表結構 `b`
--

CREATE TABLE `b` (
  `a` varchar(10) NOT NULL,
  `b` varchar(10) CHARACTER SET utf8 COLLATE utf8_unicode_ci NOT NULL,
  `id` int(10) NOT NULL
) ENGINE=InnoDB DEFAULT CHARSET=utf8;

--
-- 資料表的匯出資料 `b`
--

INSERT INTO `b` (`a`, `b`, `id`) VALUES
('a', 'dscw', 1),
('ab', 'dd', 2);

--
-- 已匯出資料表的索引
--

--
-- 資料表索引 `a`
--
ALTER TABLE `a`
  ADD PRIMARY KEY (`id`),
  ADD KEY `name` (`name`);

--
-- 資料表索引 `b`
--
ALTER TABLE `b`
  ADD KEY `id` (`id`),
  ADD KEY `b` (`b`),
  ADD KEY `b_2` (`b`);

--
-- 在匯出的資料表使用 AUTO_INCREMENT
--

--
-- 使用資料表 AUTO_INCREMENT `a`
--
ALTER TABLE `a`
  MODIFY `id` int(10) NOT NULL AUTO_INCREMENT, AUTO_INCREMENT=6;
--
-- 已匯出資料表的限制(Constraint)
--

--
-- 資料表的 Constraints `b`
--
ALTER TABLE `b`
  ADD CONSTRAINT `b_ibfk_1` FOREIGN KEY (`id`) REFERENCES `a` (`id`) ON DELETE CASCADE ON UPDATE CASCADE,
  ADD CONSTRAINT `b_ibfk_2` FOREIGN KEY (`b`) REFERENCES `a` (`name`) ON DELETE CASCADE ON UPDATE CASCADE;
--
-- 資料庫： `todo`
--
CREATE DATABASE IF NOT EXISTS `todo` DEFAULT CHARACTER SET latin1 COLLATE latin1_swedish_ci;
USE `todo`;

-- --------------------------------------------------------

--
-- 資料表結構 `audiobooks`
--

CREATE TABLE `audiobooks` (
  `id` int(11) NOT NULL,
  `title` varchar(250) NOT NULL,
  `author` varchar(250) NOT NULL,
  `duration` int(11) NOT NULL,
  `readingOrder` int(11) NOT NULL
) ENGINE=InnoDB DEFAULT CHARSET=latin1;

--
-- 資料表的匯出資料 `audiobooks`
--

INSERT INTO `audiobooks` (`id`, `title`, `author`, `duration`, `readingOrder`) VALUES
(1, 'The Final Empire: Mistborn', 'Brandon Sanderson', 1479, 1),
(2, 'The Name of the Wind', 'Patrick Rothfuss', 983, 2),
(3, 'The Blade Itself: The First Law', 'Joe Abercrombie', 1340, 3),
(4, 'The Heroes', 'Joe Abercrombie', 1390, 4),
(5, 'Assassin''s Apprentice: The Farseer Trilogy', 'Robin Hobb', 1043, 5),
(6, 'The Eye of the World: Wheel of Time', 'Robert Jordan', 1802, 6),
(7, 'The Wise Man''s Fear', 'Patrick Rothfuss', 1211, 7),
(8, 'The Way of Kings: The Stormlight Archive', 'Brandon Sanderson', 2734, 8),
(9, 'The Lean Startup', 'Eric Ries', 523, 9),
(10, 'House of Suns', 'Alastair Reynolds', 1096, 10),
(11, 'The Lies of Locke Lamora', 'Scott Lynch', 1323, 11),
(12, 'Best Served Cold', 'Joe Abercrombie', 1592, 12),
(13, 'Thinking, Fast and Slow', 'Daniel Kahneman', 1206, 13),
(14, 'The Dark Tower I: The Gunslinger', 'Stephen King', 439, 14),
(15, 'Theft of Swords: Riyria Revelations', 'Michael J. Sullivan', 1357, 15),
(16, 'The Emperor''s Blades: Chronicle of the Unhewn Throne', 'Brian Staveley', 1126, 16),
(17, 'The Magic of Recluce: Saga of Recluce', 'L. E. Modesitt Jr.', 1153, 17),
(18, 'Red Country', 'Joe Abercrombie', 1196, 18),
(19, 'Warbreaker', 'Brandon Sanderson', 1496, 19),
(20, 'Magician', 'Raymond E. Feist', 2173, 20),
(21, 'Blood Song', 'Anthony Ryan', 1385, 21),
(22, 'Half a King', 'Joe Abercrombie', 565, 22),
(23, 'Prince of Thorns: Broken Empire', 'Mark Lawrence', 537, 23),
(24, 'The Immortal Prince: Tide Lords', 'Jennifer Fallon', 1164, 24),
(25, 'Medalon: Demon Child', 'Jennifer Fallon', 1039, 25),
(26, 'The Black Company: Chronicles of The Black Company', 'Glen Cook', 654, 26);

-- --------------------------------------------------------

--
-- 資料表結構 `datatables_demo`
--

CREATE TABLE `datatables_demo` (
  `id` int(10) NOT NULL,
  `first_name` varchar(250) NOT NULL DEFAULT '',
  `last_name` varchar(250) NOT NULL DEFAULT '',
  `position` varchar(250) NOT NULL DEFAULT '',
  `email` varchar(250) NOT NULL DEFAULT '',
  `office` varchar(250) NOT NULL DEFAULT '',
  `start_date` datetime DEFAULT NULL,
  `age` int(8) DEFAULT NULL,
  `salary` int(8) DEFAULT NULL,
  `seq` int(8) DEFAULT NULL,
  `extn` varchar(8) NOT NULL DEFAULT ''
) ENGINE=InnoDB DEFAULT CHARSET=latin1;

--
-- 資料表的匯出資料 `datatables_demo`
--

INSERT INTO `datatables_demo` (`id`, `first_name`, `last_name`, `position`, `email`, `office`, `start_date`, `age`, `salary`, `seq`, `extn`) VALUES
(1, 'Tiger', 'k', 'System Architect', 't.nixon@datatables.net', 'Edinburgh', '2011-04-25 00:00:00', 61, 320800, 2, '5421'),
(2, 'Garrett', 'Winters', 'Accountant', 'g.winters@datatables.net', 'Tokyo', '2011-07-25 00:00:00', 63, 170750, 22, '8422'),
(3, 'Ashton', 'Cox', 'Junior Technical Author', 'a.cox@datatables.net', 'San Francisco', '2009-01-12 00:00:00', 66, 86000, 6, '1562'),
(4, 'Cedric', 'Kelly', 'Senior Javascript Developer', 'c.kelly@datatables.net', 'Edinburgh', '2012-03-29 00:00:00', 22, 433060, 41, '6224'),
(5, 'l', 'Satou', 'Accountant', 'a.satou@datatables.net', 'Tokyo', '2008-11-28 00:00:00', 33, 162700, 55, '5407'),
(6, 'Brielle', 'Williamson', 'Integration Specialist', 'b.williamson@datatables.net', 'New York', '2012-12-02 00:00:00', 61, 372000, 21, '4804'),
(7, 'Herrod', 'Chandler', 'Sales Assistant', 'h.chandler@datatables.net', 'San Francisco', '2012-08-06 00:00:00', 59, 137500, 46, '9608'),
(8, 'Rhona', 'Davidson', 'Integration Specialist', 'r.davidson@datatables.net', 'Tokyo', '2010-10-14 00:00:00', 55, 327900, 50, '6200'),
(9, 'Colleen', 'Hurst', 'Javascript Developer', 'c.hurst@datatables.net', 'San Francisco', '2009-09-15 00:00:00', 39, 205500, 26, '2360'),
(10, 'Sonya', 'Frost', 'Software Engineer', 's.frost@datatables.net', 'Edinburgh', '2008-12-13 00:00:00', 23, 103600, 18, '1667'),
(11, 'Jena', 'Gaines', 'Office Manager', 'j.gaines@datatables.net', 'London', '2008-12-19 00:00:00', 30, 90560, 13, '3814'),
(12, 'Quinn', 'Flynn', 'Support Lead', 'q.flynn@datatables.net', 'Edinburgh', '2013-03-03 00:00:00', 22, 342000, 23, '9497'),
(13, 'Charde', 'Marshall', 'Regional Director', 'c.marshall@datatables.net', 'San Francisco', '2008-10-16 00:00:00', 36, 470600, 14, '6741'),
(14, 'Haley', 'Kennedy', 'Senior Marketing Designer', 'h.kennedy@datatables.net', 'London', '2012-12-18 00:00:00', 43, 313500, 12, '3597'),
(15, 'Tatyana', 'Fitzpatrick', 'Regional Director', 't.fitzpatrick@datatables.net', 'London', '2010-03-17 00:00:00', 19, 385750, 54, '1965'),
(16, 'Michael', 'Silva', 'Marketing Designer', 'm.silva@datatables.net', 'London', '2012-11-27 00:00:00', 66, 198500, 37, '1581'),
(17, 'Paul', 'Byrd', 'Chief Financial Officer (CFO)', 'p.byrd@datatables.net', 'New York', '2010-06-09 00:00:00', 64, 725000, 32, '3059'),
(18, 'Gloria', 'Little', 'Systems Administrator', 'g.little@datatables.net', 'New York', '2009-04-10 00:00:00', 59, 237500, 35, '1721'),
(19, 'Bradley', 'Greer', 'Software Engineer', 'b.greer@datatables.net', 'London', '2012-10-13 00:00:00', 41, 132000, 48, '2558'),
(20, 'Dai', 'Rios', 'Personnel Lead', 'd.rios@datatables.net', 'Edinburgh', '2012-09-26 00:00:00', 35, 217500, 45, '2290'),
(21, 'Jenette', 'Caldwell', 'Development Lead', 'j.caldwell@datatables.net', 'New York', '2011-09-03 00:00:00', 30, 345000, 17, '1937'),
(22, 'Yuri', 'Berry', 'Chief Marketing Officer (CMO)', 'y.berry@datatables.net', 'New York', '2009-06-25 00:00:00', 40, 675000, 57, '6154'),
(23, 'Caesar', 'Vance', 'Pre-Sales Support', 'c.vance@datatables.net', 'New York', '2011-12-12 00:00:00', 21, 106450, 29, '8330'),
(24, 'Doris', 'Wilder', 'Sales Assistant', 'd.wilder@datatables.net', 'Sidney', '2010-09-20 00:00:00', 23, 85600, 56, '3023'),
(25, 'Angelica', 'Angelica', 'Chief Executive Officer (CEO)', 'a.ramos@datatables.net', 'London', '2009-10-09 00:00:00', 47, 1200000, 36, '5797'),
(26, 'Gavin', 'Joyce', 'Developer', 'g.joyce@datatables.net', 'Edinburgh', '2010-12-22 00:00:00', 42, 92575, 5, '8822'),
(27, 'Jennifer', 'Chang', 'Regional Director', 'j.chang@datatables.net', 'Singapore', '2010-11-14 00:00:00', 28, 357650, 51, '9239'),
(28, 'Brenden', 'Wagner', 'Software Engineer', 'b.wagner@datatables.net', 'San Francisco', '2011-06-07 00:00:00', 28, 206850, 20, '1314'),
(29, 'Fiona', 'Green', 'Chief Operating Officer (COO)', 'f.green@datatables.net', 'San Francisco', '2010-03-11 00:00:00', 48, 850000, 7, '2947'),
(30, 'Shou', 'Itou', 'Regional Marketing', 's.itou@datatables.net', 'Tokyo', '2011-08-14 00:00:00', 20, 163000, 1, '8899'),
(31, 'Michelle', 'House', 'Integration Specialist', 'm.house@datatables.net', 'Sidney', '2011-06-02 00:00:00', 37, 95400, 39, '2769'),
(32, 'Suki', 'Burks', 'Developer', 's.burks@datatables.net', 'London', '2009-10-22 00:00:00', 53, 114500, 40, '6832'),
(33, 'Prescott', 'Bartlett', 'Technical Author', 'p.bartlett@datatables.net', 'London', '2011-05-07 00:00:00', 27, 145000, 47, '3606'),
(34, 'Gavin', 'Cortez', 'Team Leader', 'g.cortez@datatables.net', 'San Francisco', '2008-10-26 00:00:00', 22, 235500, 52, '2860'),
(35, 'Martena', 'Mccray', 'Post-Sales support', 'm.mccray@datatables.net', 'Edinburgh', '2011-03-09 00:00:00', 46, 324050, 8, '8240'),
(36, 'Unity', 'Butler', 'Marketing Designer', 'u.butler@datatables.net', 'San Francisco', '2009-12-09 00:00:00', 47, 85675, 24, '5384'),
(37, 'Howard', 'Hatfield', 'Office Manager', 'h.hatfield@datatables.net', 'San Francisco', '2008-12-16 00:00:00', 51, 164500, 38, '7031'),
(38, 'Hope', 'Fuentes', 'Secretary', 'h.fuentes@datatables.net', 'San Francisco', '2010-02-12 00:00:00', 41, 109850, 53, '6318'),
(39, 'Vivian', 'Harrell', 'Financial Controller', 'v.harrell@datatables.net', 'San Francisco', '2009-02-14 00:00:00', 62, 452500, 30, '9422'),
(40, 'Timothy', 'Mooney', 'Office Manager', 't.mooney@datatables.net', 'London', '2008-12-11 00:00:00', 37, 136200, 28, '7580'),
(41, 'Jackson', 'Bradshaw', 'Director', 'j.bradshaw@datatables.net', 'New York', '2008-09-26 00:00:00', 65, 645750, 34, '1042'),
(42, 'Olivia', 'Liang', 'Support Engineer', 'o.liang@datatables.net', 'Singapore', '2011-02-03 00:00:00', 64, 234500, 4, '2120'),
(43, 'Bruno', 'Nash', 'Software Engineer', 'b.nash@datatables.net', 'London', '2011-05-03 00:00:00', 38, 163500, 3, '6222'),
(44, 'Sakura', 'Yamamoto', 'Support Engineer', 's.yamamoto@datatables.net', 'Tokyo', '2009-08-19 00:00:00', 37, 139575, 31, '9383'),
(45, 'Thor', 'Walton', 'Developer', 't.walton@datatables.net', 'New York', '2013-08-11 00:00:00', 61, 98540, 11, '8327'),
(46, 'Finn', 'Camacho', 'Support Engineer', 'f.camacho@datatables.net', 'San Francisco', '2009-07-07 00:00:00', 47, 87500, 10, '2927'),
(47, 'Serge', 'Baldwin', 'Data Coordinator', 's.baldwin@datatables.net', 'Singapore', '2012-04-09 00:00:00', 64, 138575, 44, '8352'),
(48, 'Zenaida', 'Frank', 'Software Engineer', 'z.frank@datatables.net', 'New York', '2010-01-04 00:00:00', 63, 125250, 42, '7439'),
(49, 'Zorita', 'Serrano', 'Software Engineer', 'z.serrano@datatables.net', 'San Francisco', '2012-06-01 00:00:00', 56, 115000, 27, '4389'),
(50, 'Jennifer', 'Acosta', 'Junior Javascript Developer', 'j.acosta@datatables.net', 'Edinburgh', '2013-02-01 00:00:00', 43, 75650, 49, '3431'),
(51, 'Cara', 'Stevens', 'Sales Assistant', 'c.stevens@datatables.net', 'New York', '2011-12-06 00:00:00', 46, 145600, 15, '3990'),
(52, 'Hermione', 'Butler', 'Regional Director', 'h.butler@datatables.net', 'London', '2011-03-21 00:00:00', 47, 356250, 9, '1016'),
(53, 'Lael', 'Greer', 'Systems Administrator', 'l.greer@datatables.net', 'London', '2009-02-27 00:00:00', 21, 103500, 25, '6733'),
(54, 'Jonas', 'Alexander', 'Developer', 'j.alexander@datatables.net', 'San Francisco', '2010-07-14 00:00:00', 30, 86500, 33, '8196'),
(55, 'Shad', 'Decker', 'Regional Director', 's.decker@datatables.net', 'Edinburgh', '2008-11-13 00:00:00', 51, 183000, 43, '6373'),
(56, 'Michael', 'Bruce', 'Javascript Developer', 'm.bruce@datatables.net', 'Singapore', '2011-06-27 00:00:00', 29, 183000, 16, '5384'),
(57, 'Donna', 'Snider', 'Customer Support', 'd.snider@datatables.net', 'New York', '2011-01-25 00:00:00', 27, 112000, 19, '4226'),
(58, 's', 's', 's', '', 'ss', '2017-02-02 00:00:00', NULL, 162700, NULL, 's');

-- --------------------------------------------------------

--
-- 資料表結構 `dept`
--

CREATE TABLE `dept` (
  `id` mediumint(8) UNSIGNED NOT NULL,
  `name` varchar(250) DEFAULT NULL
) ENGINE=InnoDB DEFAULT CHARSET=latin1;

--
-- 資料表的匯出資料 `dept`
--

INSERT INTO `dept` (`id`, `name`) VALUES
(1, 'IT'),
(2, 'Sales'),
(3, 'Pre-Sales'),
(4, 'Marketing'),
(5, 'Senior Management'),
(6, 'Accounts'),
(7, 'Support');

-- --------------------------------------------------------

--
-- 資料表結構 `files`
--

CREATE TABLE `files` (
  `id` int(11) NOT NULL,
  `filename` varchar(250) NOT NULL,
  `filesize` int(11) NOT NULL,
  `web_path` varchar(250) NOT NULL,
  `system_path` varchar(250) NOT NULL
) ENGINE=InnoDB DEFAULT CHARSET=latin1;

-- --------------------------------------------------------

--
-- 資料表結構 `permission`
--

CREATE TABLE `permission` (
  `id` mediumint(8) UNSIGNED NOT NULL,
  `name` varchar(250) DEFAULT NULL
) ENGINE=InnoDB DEFAULT CHARSET=latin1;

--
-- 資料表的匯出資料 `permission`
--

INSERT INTO `permission` (`id`, `name`) VALUES
(1, 'Printer'),
(2, 'Servers'),
(3, 'Desktop'),
(4, 'VMs'),
(5, 'Web-site'),
(6, 'Accounts');

-- --------------------------------------------------------

--
-- 資料表結構 `sites`
--

CREATE TABLE `sites` (
  `id` mediumint(8) UNSIGNED NOT NULL,
  `name` varchar(250) DEFAULT NULL
) ENGINE=InnoDB DEFAULT CHARSET=latin1;

--
-- 資料表的匯出資料 `sites`
--

INSERT INTO `sites` (`id`, `name`) VALUES
(1, 'Edinburgh'),
(2, 'London'),
(3, 'Paris'),
(4, 'New York'),
(5, 'Singapore'),
(6, 'Los Angeles');

-- --------------------------------------------------------

--
-- 資料表結構 `todo`
--

CREATE TABLE `todo` (
  `id` int(10) NOT NULL,
  `item` varchar(255) NOT NULL DEFAULT '',
  `done` tinyint(1) NOT NULL DEFAULT '0',
  `priority` int(11) NOT NULL DEFAULT '1'
) ENGINE=InnoDB DEFAULT CHARSET=latin1;

--
-- 資料表的匯出資料 `todo`
--

INSERT INTO `todo` (`id`, `item`, `done`, `priority`) VALUES
(1, 'Send business plan to clients', 1, 1),
(2, 'Web-site copy revisions', 0, 2),
(3, 'Review client tracking', 0, 2),
(4, 'E-mail catchup', 0, 3),
(5, 'Complete worksheet', 0, 4),
(6, 'Prep sales presentation', 0, 5);

-- --------------------------------------------------------

--
-- 資料表結構 `user_dept`
--

CREATE TABLE `user_dept` (
  `user_id` mediumint(8) UNSIGNED NOT NULL,
  `dept_id` mediumint(8) UNSIGNED NOT NULL
) ENGINE=InnoDB DEFAULT CHARSET=latin1;

--
-- 資料表的匯出資料 `user_dept`
--

INSERT INTO `user_dept` (`user_id`, `dept_id`) VALUES
(1, 1),
(2, 4),
(3, 7),
(4, 3),
(5, 2),
(6, 6),
(7, 2),
(8, 1),
(9, 2),
(10, 3),
(11, 4),
(12, 5),
(13, 6),
(14, 4),
(15, 3),
(16, 6),
(17, 3),
(18, 7),
(19, 7),
(20, 1),
(21, 2),
(22, 6),
(23, 3),
(24, 4),
(25, 5),
(26, 6),
(27, 7),
(28, 2),
(29, 3),
(30, 1),
(31, 3),
(32, 4),
(33, 6),
(34, 7),
(35, 2),
(36, 3);

-- --------------------------------------------------------

--
-- 資料表結構 `user_permission`
--

CREATE TABLE `user_permission` (
  `user_id` mediumint(8) UNSIGNED NOT NULL,
  `permission_id` mediumint(8) UNSIGNED NOT NULL
) ENGINE=InnoDB DEFAULT CHARSET=latin1;

--
-- 資料表的匯出資料 `user_permission`
--

INSERT INTO `user_permission` (`user_id`, `permission_id`) VALUES
(1, 1),
(1, 3),
(1, 4),
(2, 1),
(2, 4),
(4, 3),
(4, 4),
(4, 5),
(4, 6),
(5, 2),
(6, 6),
(7, 2),
(8, 1),
(9, 2),
(10, 1),
(10, 2),
(10, 3),
(11, 4),
(11, 6),
(12, 1),
(12, 2),
(12, 5),
(13, 1),
(13, 2),
(13, 3),
(13, 6),
(18, 1),
(18, 2),
(18, 3),
(20, 1),
(20, 2),
(20, 3),
(21, 2),
(21, 4),
(22, 2),
(22, 3),
(22, 6),
(30, 1),
(30, 3),
(30, 5),
(31, 3),
(32, 4),
(33, 6),
(34, 1),
(34, 2),
(34, 3),
(35, 2),
(36, 3);

-- --------------------------------------------------------

--
-- 資料表結構 `users`
--

CREATE TABLE `users` (
  `id` mediumint(8) UNSIGNED NOT NULL,
  `title` varchar(255) DEFAULT NULL,
  `first_name` varchar(255) DEFAULT NULL,
  `last_name` varchar(255) DEFAULT NULL,
  `phone` varchar(100) DEFAULT NULL,
  `city` varchar(50) DEFAULT NULL,
  `zip` varchar(10) DEFAULT NULL,
  `updated_date` datetime DEFAULT NULL,
  `registered_date` datetime DEFAULT NULL,
  `active` tinyint(1) DEFAULT NULL,
  `manager` int(11) DEFAULT NULL,
  `site` int(11) DEFAULT NULL,
  `image` int(11) DEFAULT NULL,
  `shift_start` time DEFAULT NULL,
  `shift_end` time DEFAULT NULL
) ENGINE=InnoDB DEFAULT CHARSET=latin1;

--
-- 資料表的匯出資料 `users`
--

INSERT INTO `users` (`id`, `title`, `first_name`, `last_name`, `phone`, `city`, `zip`, `updated_date`, `registered_date`, `active`, `manager`, `site`, `image`, `shift_start`, `shift_end`) VALUES
(1, 'Miss', 'Quynn', 'Contreras', '1-971-977-4681', 'Slidell', '81080', '2017-02-25 23:50:06', '2012-04-06 18:53:00', 0, 1, 1, NULL, '08:00:00', '16:00:00'),
(2, 'Mr', 'Kaitlin', 'Smith', '1-436-523-6103', 'Orlando', 'U5G 7J3', '2017-02-25 23:50:06', '2012-11-20 05:58:25', 1, 1, 2, NULL, '09:00:00', '17:00:00'),
(3, 'Mrs', 'Cruz', 'Reynolds', '1-776-102-6352', 'Lynn', 'EJ89 9DQ', '2017-02-25 23:50:06', '2011-12-31 23:34:03', 0, 2, 3, NULL, '09:00:00', '17:00:00'),
(4, 'Dr', 'Sophia', 'Morris', '1-463-224-1405', 'Belleville', 'T1F 2X1', '2017-02-25 23:50:06', '2012-08-04 02:55:53', 0, 3, 4, NULL, '08:00:00', '15:30:00'),
(5, 'Miss', 'Kamal', 'Roberson', '1-134-408-5227', 'Rehoboth Beach', 'V7I 6T5', '2017-02-25 23:50:06', '2012-12-23 00:17:03', 1, 1, 5, NULL, '09:00:00', '17:00:00'),
(6, 'Dr', 'Dustin', 'Rosa', '1-875-919-3188', 'Jersey City', 'E4 8ZE', '2017-02-25 23:50:06', '2012-10-05 22:18:59', 0, 1, 6, NULL, '09:00:00', '17:00:00'),
(7, 'Dr', 'Xantha', 'George', '1-106-884-4754', 'Billings', 'Y2I 6J7', '2017-02-25 23:50:06', '2012-11-25 12:50:16', 0, 6, 1, NULL, '07:00:00', '15:00:00'),
(8, 'Mrs', 'Bryar', 'Long', '1-918-114-8083', 'San Bernardino', '82983', '2017-02-25 23:50:06', '2012-05-14 23:32:25', 0, 1, 2, NULL, '09:00:00', '17:00:00'),
(9, 'Mrs', 'Kuame', 'Wynn', '1-101-692-4039', 'Truth or Consequences', '21290', '2017-02-25 23:50:06', '2011-06-21 16:27:07', 1, 2, 3, NULL, '06:00:00', '14:00:00'),
(10, 'Ms', 'Indigo', 'Brennan', '1-756-756-8161', 'Moline', 'NO8 3UY', '2017-02-25 23:50:06', '2011-02-19 12:51:08', 1, 5, 4, NULL, '12:00:00', '00:00:00'),
(11, 'Mrs', 'Avram', 'Allison', '1-751-507-2640', 'Rancho Palos Verdes', 'I7Q 8H4', '2017-02-25 23:50:06', '2012-12-30 17:02:10', 0, 1, 5, NULL, '09:00:00', '17:00:00'),
(12, 'Mr', 'Martha', 'Burgess', '1-971-722-1203', 'Toledo', 'Q5R 9HI', '2017-02-25 23:50:06', '2011-02-04 17:25:55', 1, 1, 6, NULL, '12:00:00', '00:00:00'),
(13, 'Miss', 'Lael', 'Kim', '1-626-697-2194', 'Lake Charles', '34209', '2017-02-25 23:50:06', '2012-07-24 06:44:22', 1, 7, 1, NULL, '09:00:00', '17:00:00'),
(14, 'Dr', 'Lyle', 'Lewis', '1-231-793-3520', 'Simi Valley', 'H9B 2H4', '2017-02-25 23:50:06', '2012-08-30 03:28:54', 0, 1, 2, NULL, '00:00:00', '12:00:00'),
(15, 'Miss', 'Veronica', 'Marks', '1-750-981-6759', 'Glens Falls', 'E3C 5D1', '2017-02-25 23:50:06', '2012-08-14 12:09:24', 1, 2, 3, NULL, '09:00:00', '17:00:00'),
(16, 'Mrs', 'Wynne', 'Ruiz', '1-983-744-5362', 'Branson', 'L9E 6E2', '2017-02-25 23:50:06', '2012-11-06 01:04:07', 0, 1, 4, NULL, '12:00:00', '00:00:00'),
(17, 'Ms', 'Jessica', 'Bryan', '1-949-932-6772', 'Boulder City', 'F5P 6NU', '2017-02-25 23:50:06', '2013-02-01 20:22:33', 0, 5, 5, NULL, '09:00:00', '17:00:00'),
(18, 'Ms', 'Quinlan', 'Hyde', '1-625-664-6072', 'Sheridan', 'Y8A 1LQ', '2017-02-25 23:50:06', '2011-10-25 16:53:45', 1, 1, 6, NULL, '08:00:00', '15:00:00'),
(19, 'Miss', 'Mona', 'Terry', '1-443-179-7343', 'Juneau', 'G62 1OF', '2017-02-25 23:50:06', '2012-01-15 09:26:59', 0, 1, 1, NULL, '08:30:00', '16:30:00'),
(20, 'Mrs', 'Medge', 'Patterson', '1-636-979-0497', 'Texarkana', 'I5U 6E0', '2017-02-25 23:50:06', '2012-10-20 16:26:18', 1, 1, 2, NULL, '09:00:00', '17:00:00'),
(21, 'Mrs', 'Perry', 'Gamble', '1-440-976-9560', 'Arcadia', '98923', '2017-02-25 23:50:06', '2012-06-06 02:03:49', 1, 2, 3, NULL, '00:00:00', '12:00:00'),
(22, 'Mrs', 'Pandora', 'Armstrong', '1-197-431-4390', 'Glendora', '34124', '2017-02-25 23:50:06', '2011-08-29 01:45:06', 0, 7, 4, NULL, '21:00:00', '03:00:00'),
(23, 'Mr', 'Pandora', 'Briggs', '1-278-288-9221', 'Oneida', 'T9M 4H9', '2017-02-25 23:50:06', '2012-07-16 08:44:41', 1, 4, 5, NULL, '09:00:00', '17:00:00'),
(24, 'Mrs', 'Maris', 'Leblanc', '1-936-114-2921', 'Cohoes', 'V1H 6Z7', '2017-02-25 23:50:06', '2011-05-04 13:07:04', 1, 1, 6, NULL, '00:00:00', '12:00:00'),
(25, 'Mrs', 'Ishmael', 'Crosby', '1-307-243-2684', 'Midwest City', 'T6 8PS', '2017-02-25 23:50:06', '2011-07-02 23:11:11', 0, 3, 1, NULL, '09:00:00', '17:00:00'),
(26, 'Miss', 'Quintessa', 'Pickett', '1-801-122-7471', 'North Tonawanda', '09166', '2017-02-25 23:50:06', '2013-02-05 10:33:22', 1, 1, 2, NULL, '12:00:00', '00:00:00'),
(27, 'Miss', 'Ifeoma', 'Mays', '1-103-883-0962', 'Parkersburg', '87377', '2017-02-25 23:50:06', '2011-08-22 12:19:09', 0, 1, 3, NULL, '09:00:00', '17:00:00'),
(28, 'Mrs', 'Basia', 'Harrell', '1-528-238-4178', 'Cody', 'LJ54 1IU', '2017-02-25 23:50:06', '2012-05-07 14:42:55', 1, 1, 4, NULL, '09:00:00', '17:00:00'),
(29, 'Mrs', 'Hamilton', 'Blackburn', '1-676-857-1423', 'Delta Junction', 'X5 9HE', '2017-02-25 23:50:06', '2011-05-19 07:39:48', 0, 6, 5, NULL, '10:00:00', '18:00:00'),
(30, 'Ms', 'Dexter', 'Burton', '1-275-332-8186', 'Gainesville', '65914', '2017-02-25 23:50:06', '2013-02-01 16:21:20', 1, 5, 6, NULL, '21:00:00', '03:00:00'),
(31, 'Mrs', 'Quinn', 'Mccall', '1-808-916-4497', 'Fallon', 'X4 8UB', '2017-02-25 23:50:06', '2012-03-24 19:31:51', 0, 1, 1, NULL, '09:00:00', '17:00:00'),
(32, 'Mr', 'Alexa', 'Wilder', '1-727-307-1997', 'Johnson City', '16765', '2017-02-25 23:50:06', '2011-10-14 08:21:14', 0, 3, 2, NULL, '09:00:00', '17:00:00'),
(33, 'Ms', 'Rhonda', 'Harrell', '1-934-906-6474', 'Minnetonka', 'I2R 1H2', '2017-02-25 23:50:06', '2011-11-15 00:08:02', 1, 1, 3, NULL, '12:00:00', '00:00:00'),
(34, 'Mrs', 'Jocelyn', 'England', '1-826-860-7773', 'Chico', '71102', '2017-02-25 23:50:06', '2012-05-31 18:01:43', 1, 1, 4, NULL, '09:00:00', '17:00:00'),
(35, 'Dr', 'Vincent', 'Banks', '1-225-418-0941', 'Palo Alto', '03281', '2017-02-25 23:50:06', '2011-08-07 07:22:43', 0, 1, 5, NULL, '18:00:00', '02:00:00'),
(36, 'Mrs', 'Stewart', 'Chan', '1-781-793-2340', 'Grand Forks', 'L1U 3ED', '2017-02-25 23:50:06', '2012-11-01 23:14:44', 1, 6, 6, NULL, '08:00:00', '16:00:00');

--
-- 觸發器 `users`
--
DELIMITER $$
CREATE TRIGGER `users_insert` BEFORE INSERT ON `users` FOR EACH ROW SET NEW.updated_date = IFNULL(NEW.updated_date, NOW())
$$
DELIMITER ;
DELIMITER $$
CREATE TRIGGER `users_update` BEFORE UPDATE ON `users` FOR EACH ROW SET NEW.updated_date = IFNULL(NEW.updated_date, NOW())
$$
DELIMITER ;

-- --------------------------------------------------------

--
-- 資料表結構 `users_files`
--

CREATE TABLE `users_files` (
  `user_id` int(11) NOT NULL,
  `file_id` int(11) NOT NULL
) ENGINE=InnoDB DEFAULT CHARSET=latin1;

-- --------------------------------------------------------

--
-- 資料表結構 `users_visits`
--

CREATE TABLE `users_visits` (
  `user_id` int(11) NOT NULL,
  `site_id` int(11) NOT NULL,
  `visit_date` date NOT NULL
) ENGINE=InnoDB DEFAULT CHARSET=latin1;

--
-- 資料表的匯出資料 `users_visits`
--

INSERT INTO `users_visits` (`user_id`, `site_id`, `visit_date`) VALUES
(1, 1, '2016-08-12'),
(1, 4, '2016-08-14'),
(1, 7, '2016-08-19'),
(2, 6, '2016-07-01'),
(2, 2, '2016-07-07'),
(2, 3, '2016-07-12'),
(2, 1, '2016-07-30'),
(3, 1, '2016-06-26'),
(3, 2, '2016-12-05'),
(4, 4, '2016-10-10'),
(4, 3, '2016-11-21'),
(5, 5, '2016-08-02'),
(6, 6, '2016-08-05');

--
-- 已匯出資料表的索引
--

--
-- 資料表索引 `audiobooks`
--
ALTER TABLE `audiobooks`
  ADD PRIMARY KEY (`id`);

--
-- 資料表索引 `datatables_demo`
--
ALTER TABLE `datatables_demo`
  ADD PRIMARY KEY (`id`),
  ADD KEY `seq` (`seq`);

--
-- 資料表索引 `dept`
--
ALTER TABLE `dept`
  ADD PRIMARY KEY (`id`);

--
-- 資料表索引 `files`
--
ALTER TABLE `files`
  ADD PRIMARY KEY (`id`);

--
-- 資料表索引 `permission`
--
ALTER TABLE `permission`
  ADD PRIMARY KEY (`id`);

--
-- 資料表索引 `sites`
--
ALTER TABLE `sites`
  ADD PRIMARY KEY (`id`);

--
-- 資料表索引 `todo`
--
ALTER TABLE `todo`
  ADD PRIMARY KEY (`id`);

--
-- 資料表索引 `user_dept`
--
ALTER TABLE `user_dept`
  ADD PRIMARY KEY (`user_id`,`dept_id`),
  ADD UNIQUE KEY `user_id` (`user_id`),
  ADD KEY `dept_id` (`dept_id`);

--
-- 資料表索引 `user_permission`
--
ALTER TABLE `user_permission`
  ADD PRIMARY KEY (`user_id`,`permission_id`),
  ADD KEY `permission_id` (`permission_id`);

--
-- 資料表索引 `users`
--
ALTER TABLE `users`
  ADD PRIMARY KEY (`id`);

--
-- 資料表索引 `users_visits`
--
ALTER TABLE `users_visits`
  ADD PRIMARY KEY (`user_id`,`visit_date`);

--
-- 在匯出的資料表使用 AUTO_INCREMENT
--

--
-- 使用資料表 AUTO_INCREMENT `audiobooks`
--
ALTER TABLE `audiobooks`
  MODIFY `id` int(11) NOT NULL AUTO_INCREMENT, AUTO_INCREMENT=27;
--
-- 使用資料表 AUTO_INCREMENT `datatables_demo`
--
ALTER TABLE `datatables_demo`
  MODIFY `id` int(10) NOT NULL AUTO_INCREMENT, AUTO_INCREMENT=59;
--
-- 使用資料表 AUTO_INCREMENT `dept`
--
ALTER TABLE `dept`
  MODIFY `id` mediumint(8) UNSIGNED NOT NULL AUTO_INCREMENT, AUTO_INCREMENT=8;
--
-- 使用資料表 AUTO_INCREMENT `files`
--
ALTER TABLE `files`
  MODIFY `id` int(11) NOT NULL AUTO_INCREMENT;
--
-- 使用資料表 AUTO_INCREMENT `permission`
--
ALTER TABLE `permission`
  MODIFY `id` mediumint(8) UNSIGNED NOT NULL AUTO_INCREMENT, AUTO_INCREMENT=7;
--
-- 使用資料表 AUTO_INCREMENT `sites`
--
ALTER TABLE `sites`
  MODIFY `id` mediumint(8) UNSIGNED NOT NULL AUTO_INCREMENT, AUTO_INCREMENT=7;
--
-- 使用資料表 AUTO_INCREMENT `todo`
--
ALTER TABLE `todo`
  MODIFY `id` int(10) NOT NULL AUTO_INCREMENT, AUTO_INCREMENT=7;
--
-- 使用資料表 AUTO_INCREMENT `users`
--
ALTER TABLE `users`
  MODIFY `id` mediumint(8) UNSIGNED NOT NULL AUTO_INCREMENT, AUTO_INCREMENT=37;
--
-- 已匯出資料表的限制(Constraint)
--

--
-- 資料表的 Constraints `user_dept`
--
ALTER TABLE `user_dept`
  ADD CONSTRAINT `user_dept_ibfk_1` FOREIGN KEY (`user_id`) REFERENCES `users` (`id`) ON DELETE CASCADE,
  ADD CONSTRAINT `user_dept_ibfk_2` FOREIGN KEY (`dept_id`) REFERENCES `dept` (`id`) ON DELETE CASCADE;

--
-- 資料表的 Constraints `user_permission`
--
ALTER TABLE `user_permission`
  ADD CONSTRAINT `user_permission_ibfk_1` FOREIGN KEY (`user_id`) REFERENCES `users` (`id`) ON DELETE CASCADE,
  ADD CONSTRAINT `user_permission_ibfk_2` FOREIGN KEY (`permission_id`) REFERENCES `permission` (`id`) ON DELETE CASCADE;

/*!40101 SET CHARACTER_SET_CLIENT=@OLD_CHARACTER_SET_CLIENT */;
/*!40101 SET CHARACTER_SET_RESULTS=@OLD_CHARACTER_SET_RESULTS */;
/*!40101 SET COLLATION_CONNECTION=@OLD_COLLATION_CONNECTION */;
